dates,region,driving,walking,transit,date
2020-01-13,Berlin,100.0,100.0,100.0,2020-01-13
2020-01-14,Berlin,105.36,107.17,104.84,2020-01-14
2020-01-15,Berlin,107.04,111.6,104.32,2020-01-15
2020-01-16,Berlin,109.71,116.41,109.63,2020-01-16
2020-01-17,Berlin,116.27,134.55,119.85,2020-01-17
2020-01-18,Berlin,110.4,149.26,121.96,2020-01-18
2020-01-19,Berlin,98.89,99.5,100.37,2020-01-19
2020-01-20,Berlin,101.88,95.27,98.47,2020-01-20
2020-01-21,Berlin,103.34,101.05,101.49,2020-01-21
2020-01-22,Berlin,100.95,99.09,100.53,2020-01-22
2020-01-23,Berlin,102.77,106.89,105.14,2020-01-23
2020-01-24,Berlin,110.28,127.18,115.72,2020-01-24
2020-01-25,Berlin,106.29,134.96,120.86,2020-01-25
2020-01-26,Berlin,92.04,87.69,95.89,2020-01-26
2020-01-27,Berlin,103.97,98.24,99.29,2020-01-27
2020-01-28,Berlin,109.13,96.32,101.01,2020-01-28
2020-01-29,Berlin,102.16,97.17,98.79,2020-01-29
2020-01-30,Berlin,108.05,105.93,104.58,2020-01-30
2020-01-31,Berlin,120.15,134.49,116.97,2020-01-31
2020-02-01,Berlin,105.44,131.71,116.51,2020-02-01
2020-02-02,Berlin,93.07,92.85,101.18,2020-02-02
2020-02-03,Berlin,100.63,97.33,103.25,2020-02-03
2020-02-04,Berlin,100.7,98.23,103.06,2020-02-04
2020-02-05,Berlin,99.76,97.71,99.91,2020-02-05
2020-02-06,Berlin,100.91,100.65,102.05,2020-02-06
2020-02-07,Berlin,109.82,124.78,112.29,2020-02-07
2020-02-08,Berlin,108.3,144.6,117.4,2020-02-08
2020-02-09,Berlin,92.91,97.19,95.13,2020-02-09
2020-02-10,Berlin,101.56,98.04,103.37,2020-02-10
2020-02-11,Berlin,104.01,103.72,104.9,2020-02-11
2020-02-12,Berlin,105.26,110.9,107.04,2020-02-12
2020-02-13,Berlin,110.55,122.99,115.33,2020-02-13
2020-02-14,Berlin,123.98,150.48,125.41,2020-02-14
2020-02-15,Berlin,116.22,167.42,128.95,2020-02-15
2020-02-16,Berlin,98.32,106.55,105.08,2020-02-16
2020-02-17,Berlin,107.4,118.9,115.42,2020-02-17
2020-02-18,Berlin,108.75,118.43,113.66,2020-02-18
2020-02-19,Berlin,111.06,118.34,116.4,2020-02-19
2020-02-20,Berlin,113.46,129.47,120.85,2020-02-20
2020-02-21,Berlin,119.89,155.62,133.78,2020-02-21
2020-02-22,Berlin,115.21,169.47,136.3,2020-02-22
2020-02-23,Berlin,98.39,106.02,111.76,2020-02-23
2020-02-24,Berlin,108.68,126.17,117.28,2020-02-24
2020-02-25,Berlin,110.96,128.0,118.81,2020-02-25
2020-02-26,Berlin,107.15,111.35,112.76,2020-02-26
2020-02-27,Berlin,110.79,126.36,120.1,2020-02-27
2020-02-28,Berlin,116.54,147.36,128.94,2020-02-28
2020-02-29,Berlin,110.85,157.32,130.05,2020-02-29
2020-03-01,Berlin,97.64,105.68,108.14,2020-03-01
2020-03-02,Berlin,100.72,106.79,104.79,2020-03-02
2020-03-03,Berlin,104.31,100.12,100.77,2020-03-03
2020-03-04,Berlin,99.51,98.94,99.0,2020-03-04
2020-03-05,Berlin,103.42,107.85,101.77,2020-03-05
2020-03-06,Berlin,110.47,122.55,112.71,2020-03-06
2020-03-07,Berlin,106.0,137.77,118.9,2020-03-07
2020-03-08,Berlin,94.93,99.11,96.27,2020-03-08
2020-03-09,Berlin,97.52,97.33,94.35,2020-03-09
2020-03-10,Berlin,96.65,86.73,90.74,2020-03-10
2020-03-11,Berlin,94.53,96.43,87.2,2020-03-11
2020-03-12,Berlin,89.6,85.72,80.36,2020-03-12
2020-03-13,Berlin,83.87,83.72,72.41,2020-03-13
2020-03-14,Berlin,75.05,89.4,66.06,2020-03-14
2020-03-15,Berlin,64.53,60.87,49.47,2020-03-15
2020-03-16,Berlin,70.44,60.39,47.0,2020-03-16
2020-03-17,Berlin,64.33,51.35,40.55,2020-03-17
2020-03-18,Berlin,61.48,49.84,37.04,2020-03-18
2020-03-19,Berlin,54.14,38.72,29.56,2020-03-19
2020-03-20,Berlin,47.77,33.53,24.92,2020-03-20
2020-03-21,Berlin,39.78,33.29,21.68,2020-03-21
2020-03-22,Berlin,39.65,33.19,21.06,2020-03-22
2020-03-23,Berlin,42.73,31.1,21.72,2020-03-23
2020-03-24,Berlin,43.27,32.98,21.28,2020-03-24
2020-03-25,Berlin,43.73,31.89,21.65,2020-03-25
2020-03-26,Berlin,45.51,35.8,21.35,2020-03-26
2020-03-27,Berlin,46.58,38.27,21.89,2020-03-27
2020-03-28,Berlin,43.64,43.8,20.87,2020-03-28
2020-03-29,Berlin,35.17,21.18,19.33,2020-03-29
2020-03-30,Berlin,44.38,27.02,22.03,2020-03-30
2020-03-31,Berlin,47.67,31.74,24.39,2020-03-31
2020-04-01,Berlin,48.71,34.7,22.88,2020-04-01
2020-04-02,Berlin,49.06,34.15,23.02,2020-04-02
2020-04-03,Berlin,46.72,33.84,21.69,2020-04-03
2020-04-04,Berlin,43.35,42.15,21.73,2020-04-04
2020-04-05,Berlin,50.19,50.01,23.86,2020-04-05
2020-04-06,Berlin,56.9,46.89,27.69,2020-04-06
2020-04-07,Berlin,58.36,47.76,27.25,2020-04-07
2020-04-08,Berlin,59.2,48.57,26.52,2020-04-08
2020-04-09,Berlin,54.24,43.16,25.09,2020-04-09
2020-04-10,Berlin,45.64,47.78,24.77,2020-04-10
2020-04-11,Berlin,46.55,44.67,22.44,2020-04-11
2020-04-12,Berlin,45.58,52.02,22.81,2020-04-12
2020-04-13,Berlin,45.94,34.1,23.55,2020-04-13
2020-04-14,Berlin,57.87,39.0,28.44,2020-04-14
2020-04-15,Berlin,59.18,42.74,28.85,2020-04-15
2020-04-16,Berlin,62.32,48.81,30.67,2020-04-16
2020-04-17,Berlin,59.52,48.22,28.88,2020-04-17
2020-04-18,Berlin,54.9,54.9,28.23,2020-04-18
2020-04-19,Berlin,57.02,51.28,29.19,2020-04-19
2020-04-20,Berlin,63.24,46.46,32.29,2020-04-20
2020-04-21,Berlin,66.42,47.87,30.87,2020-04-21
2020-04-22,Berlin,68.16,51.26,32.97,2020-04-22
2020-04-23,Berlin,70.84,54.12,33.58,2020-04-23
2020-04-24,Berlin,64.87,49.04,31.23,2020-04-24
2020-04-25,Berlin,56.7,48.86,29.66,2020-04-25
2020-04-26,Berlin,61.7,53.03,31.62,2020-04-26
2020-04-27,Berlin,71.57,53.29,34.74,2020-04-27
2020-04-28,Berlin,70.4,50.52,33.3,2020-04-28
2020-04-29,Berlin,68.64,43.57,32.49,2020-04-29
2020-04-30,Berlin,68.5,44.65,32.82,2020-04-30
2020-05-01,Berlin,58.36,50.61,33.42,2020-05-01
2020-05-02,Berlin,56.94,42.61,32.48,2020-05-02
2020-05-03,Berlin,63.03,50.12,35.49,2020-05-03
2020-05-04,Berlin,72.07,46.65,39.31,2020-05-04
2020-05-05,Berlin,73.32,47.84,38.98,2020-05-05
2020-05-06,Berlin,76.81,56.1,39.99,2020-05-06
2020-05-07,Berlin,76.73,54.65,40.31,2020-05-07
2020-05-08,Berlin,73.87,64.85,41.59,2020-05-08
2020-05-09,Berlin,74.45,70.92,42.68,2020-05-09
2020-05-10,Berlin,74.77,50.67,38.82,2020-05-10
2020-05-11,Berlin,,,,2020-05-11
2020-05-12,Berlin,,,,2020-05-12
2020-05-13,Berlin,80.57,53.7,44.67,2020-05-13
2020-05-14,Berlin,86.61,55.6,46.09,2020-05-14
2020-01-13,Hamburg,100.0,100.0,100.0,2020-01-13
2020-01-14,Hamburg,101.73,101.55,98.86,2020-01-14
2020-01-15,Hamburg,102.87,110.08,99.74,2020-01-15
2020-01-16,Hamburg,106.65,116.16,102.18,2020-01-16
2020-01-17,Hamburg,112.44,139.82,115.69,2020-01-17
2020-01-18,Hamburg,105.27,154.48,123.12,2020-01-18
2020-01-19,Hamburg,99.15,103.66,103.5,2020-01-19
2020-01-20,Hamburg,100.28,102.7,103.82,2020-01-20
2020-01-21,Hamburg,104.6,105.08,101.58,2020-01-21
2020-01-22,Hamburg,105.72,109.64,105.36,2020-01-22
2020-01-23,Hamburg,104.64,114.81,105.38,2020-01-23
2020-01-24,Hamburg,110.4,132.63,119.21,2020-01-24
2020-01-25,Hamburg,103.01,152.2,123.21,2020-01-25
2020-01-26,Hamburg,94.53,88.5,95.96,2020-01-26
2020-01-27,Hamburg,104.2,102.87,102.75,2020-01-27
2020-01-28,Hamburg,106.66,99.94,99.94,2020-01-28
2020-01-29,Hamburg,105.68,96.06,104.18,2020-01-29
2020-01-30,Hamburg,108.51,116.09,106.75,2020-01-30
2020-01-31,Hamburg,117.2,143.87,121.72,2020-01-31
2020-02-01,Hamburg,109.19,164.82,127.12,2020-02-01
2020-02-02,Hamburg,98.79,104.42,112.62,2020-02-02
2020-02-03,Hamburg,106.75,114.95,110.42,2020-02-03
2020-02-04,Hamburg,111.38,118.46,113.6,2020-02-04
2020-02-05,Hamburg,108.54,121.83,106.88,2020-02-05
2020-02-06,Hamburg,108.81,125.23,114.57,2020-02-06
2020-02-07,Hamburg,123.95,153.49,140.28,2020-02-07
2020-02-08,Hamburg,116.47,185.16,143.71,2020-02-08
2020-02-09,Hamburg,97.88,86.0,105.39,2020-02-09
2020-02-10,Hamburg,110.39,107.05,111.87,2020-02-10
2020-02-11,Hamburg,110.77,110.74,111.76,2020-02-11
2020-02-12,Hamburg,109.29,115.61,121.56,2020-02-12
2020-02-13,Hamburg,115.73,124.07,119.71,2020-02-13
2020-02-14,Hamburg,126.69,173.94,141.47,2020-02-14
2020-02-15,Hamburg,120.24,191.25,145.19,2020-02-15
2020-02-16,Hamburg,105.16,104.0,134.81,2020-02-16
2020-02-17,Hamburg,107.04,120.57,234.4,2020-02-17
2020-02-18,Hamburg,114.22,137.39,207.17,2020-02-18
2020-02-19,Hamburg,116.87,112.72,179.93,2020-02-19
2020-02-20,Hamburg,113.89,123.62,190.07,2020-02-20
2020-02-21,Hamburg,133.02,164.38,227.14,2020-02-21
2020-02-22,Hamburg,116.1,175.17,239.76,2020-02-22
2020-02-23,Hamburg,101.73,110.98,192.35,2020-02-23
2020-02-24,Hamburg,110.58,107.45,178.97,2020-02-24
2020-02-25,Hamburg,109.93,110.79,169.49,2020-02-25
2020-02-26,Hamburg,113.21,119.68,183.47,2020-02-26
2020-02-27,Hamburg,119.71,127.15,180.4,2020-02-27
2020-02-28,Hamburg,124.87,148.92,205.52,2020-02-28
2020-02-29,Hamburg,111.36,168.15,216.37,2020-02-29
2020-03-01,Hamburg,106.56,101.3,172.57,2020-03-01
2020-03-02,Hamburg,105.52,110.62,156.53,2020-03-02
2020-03-03,Hamburg,105.4,108.51,155.83,2020-03-03
2020-03-04,Hamburg,107.32,110.96,163.87,2020-03-04
2020-03-05,Hamburg,114.09,116.48,169.39,2020-03-05
2020-03-06,Hamburg,114.42,128.96,192.26,2020-03-06
2020-03-07,Hamburg,115.84,171.72,226.2,2020-03-07
2020-03-08,Hamburg,103.17,97.45,172.18,2020-03-08
2020-03-09,Hamburg,101.88,103.36,159.36,2020-03-09
2020-03-10,Hamburg,103.55,95.87,157.3,2020-03-10
2020-03-11,Hamburg,100.68,112.28,150.06,2020-03-11
2020-03-12,Hamburg,91.76,93.3,131.93,2020-03-12
2020-03-13,Hamburg,86.08,93.18,121.82,2020-03-13
2020-03-14,Hamburg,79.03,106.01,122.11,2020-03-14
2020-03-15,Hamburg,66.51,69.48,88.97,2020-03-15
2020-03-16,Hamburg,70.89,68.34,73.19,2020-03-16
2020-03-17,Hamburg,62.26,57.31,58.81,2020-03-17
2020-03-18,Hamburg,56.59,47.66,50.64,2020-03-18
2020-03-19,Hamburg,52.67,44.86,45.38,2020-03-19
2020-03-20,Hamburg,49.75,43.49,45.85,2020-03-20
2020-03-21,Hamburg,40.64,40.28,37.23,2020-03-21
2020-03-22,Hamburg,41.37,43.34,40.51,2020-03-22
2020-03-23,Hamburg,47.15,41.51,42.5,2020-03-23
2020-03-24,Hamburg,47.03,41.51,39.71,2020-03-24
2020-03-25,Hamburg,48.63,44.35,41.83,2020-03-25
2020-03-26,Hamburg,50.29,47.45,43.85,2020-03-26
2020-03-27,Hamburg,51.47,49.03,43.61,2020-03-27
2020-03-28,Hamburg,48.01,56.71,42.22,2020-03-28
2020-03-29,Hamburg,42.37,33.62,39.58,2020-03-29
2020-03-30,Hamburg,50.05,37.53,44.29,2020-03-30
2020-03-31,Hamburg,53.75,45.85,45.83,2020-03-31
2020-04-01,Hamburg,53.29,43.1,44.97,2020-04-01
2020-04-02,Hamburg,53.27,45.86,44.46,2020-04-02
2020-04-03,Hamburg,52.09,43.77,43.36,2020-04-03
2020-04-04,Hamburg,47.42,54.89,44.9,2020-04-04
2020-04-05,Hamburg,55.9,73.03,50.18,2020-04-05
2020-04-06,Hamburg,61.41,67.45,52.55,2020-04-06
2020-04-07,Hamburg,60.09,62.82,55.71,2020-04-07
2020-04-08,Hamburg,62.27,62.95,54.75,2020-04-08
2020-04-09,Hamburg,57.43,56.92,53.17,2020-04-09
2020-04-10,Hamburg,48.28,60.38,53.5,2020-04-10
2020-04-11,Hamburg,49.97,60.92,47.78,2020-04-11
2020-04-12,Hamburg,46.62,68.72,50.44,2020-04-12
2020-04-13,Hamburg,52.51,51.19,55.96,2020-04-13
2020-04-14,Hamburg,60.81,49.98,58.73,2020-04-14
2020-04-15,Hamburg,63.34,59.17,62.11,2020-04-15
2020-04-16,Hamburg,64.77,61.65,56.9,2020-04-16
2020-04-17,Hamburg,63.86,65.19,58.81,2020-04-17
2020-04-18,Hamburg,59.42,71.59,60.48,2020-04-18
2020-04-19,Hamburg,64.12,71.78,66.79,2020-04-19
2020-04-20,Hamburg,70.33,63.97,63.69,2020-04-20
2020-04-21,Hamburg,70.75,64.9,65.28,2020-04-21
2020-04-22,Hamburg,71.83,66.7,60.86,2020-04-22
2020-04-23,Hamburg,73.16,71.53,65.16,2020-04-23
2020-04-24,Hamburg,67.72,65.29,60.88,2020-04-24
2020-04-25,Hamburg,59.68,69.39,58.61,2020-04-25
2020-04-26,Hamburg,63.35,66.22,65.45,2020-04-26
2020-04-27,Hamburg,72.25,68.74,66.83,2020-04-27
2020-04-28,Hamburg,70.55,60.6,64.28,2020-04-28
2020-04-29,Hamburg,70.34,54.44,62.2,2020-04-29
2020-04-30,Hamburg,70.69,56.39,59.72,2020-04-30
2020-05-01,Hamburg,57.18,51.57,57.94,2020-05-01
2020-05-02,Hamburg,62.9,59.53,58.9,2020-05-02
2020-05-03,Hamburg,68.07,64.49,68.68,2020-05-03
2020-05-04,Hamburg,78.93,70.21,75.16,2020-05-04
2020-05-05,Hamburg,83.0,72.49,82.13,2020-05-05
2020-05-06,Hamburg,80.84,75.53,83.27,2020-05-06
2020-05-07,Hamburg,80.72,73.86,77.38,2020-05-07
2020-05-08,Hamburg,85.42,83.04,81.1,2020-05-08
2020-05-09,Hamburg,85.83,92.76,77.12,2020-05-09
2020-05-10,Hamburg,80.04,69.39,78.4,2020-05-10
2020-05-11,Hamburg,,,,2020-05-11
2020-05-12,Hamburg,,,,2020-05-12
2020-05-13,Hamburg,85.68,67.85,81.01,2020-05-13
2020-05-14,Hamburg,89.93,76.07,83.1,2020-05-14
2020-01-13,Baden-Wuerttemberg,100.0,,,2020-01-13
2020-01-14,Baden-Wuerttemberg,100.97,,,2020-01-14
2020-01-15,Baden-Wuerttemberg,104.24,,,2020-01-15
2020-01-16,Baden-Wuerttemberg,107.7,,,2020-01-16
2020-01-17,Baden-Wuerttemberg,115.16,,,2020-01-17
2020-01-18,Baden-Wuerttemberg,111.46,,,2020-01-18
2020-01-19,Baden-Wuerttemberg,105.96,,,2020-01-19
2020-01-20,Baden-Wuerttemberg,101.23,,,2020-01-20
2020-01-21,Baden-Wuerttemberg,102.08,,,2020-01-21
2020-01-22,Baden-Wuerttemberg,103.52,,,2020-01-22
2020-01-23,Baden-Wuerttemberg,104.83,,,2020-01-23
2020-01-24,Baden-Wuerttemberg,118.76,,,2020-01-24
2020-01-25,Baden-Wuerttemberg,112.39,,,2020-01-25
2020-01-26,Baden-Wuerttemberg,104.92,,,2020-01-26
2020-01-27,Baden-Wuerttemberg,101.4,,,2020-01-27
2020-01-28,Baden-Wuerttemberg,107.6,,,2020-01-28
2020-01-29,Baden-Wuerttemberg,106.94,,,2020-01-29
2020-01-30,Baden-Wuerttemberg,111.88,,,2020-01-30
2020-01-31,Baden-Wuerttemberg,119.41,,,2020-01-31
2020-02-01,Baden-Wuerttemberg,114.68,,,2020-02-01
2020-02-02,Baden-Wuerttemberg,108.76,,,2020-02-02
2020-02-03,Baden-Wuerttemberg,106.5,,,2020-02-03
2020-02-04,Baden-Wuerttemberg,109.01,,,2020-02-04
2020-02-05,Baden-Wuerttemberg,112.19,,,2020-02-05
2020-02-06,Baden-Wuerttemberg,114.25,,,2020-02-06
2020-02-07,Baden-Wuerttemberg,122.18,,,2020-02-07
2020-02-08,Baden-Wuerttemberg,120.42,,,2020-02-08
2020-02-09,Baden-Wuerttemberg,117.91,,,2020-02-09
2020-02-10,Baden-Wuerttemberg,109.68,,,2020-02-10
2020-02-11,Baden-Wuerttemberg,111.83,,,2020-02-11
2020-02-12,Baden-Wuerttemberg,115.65,,,2020-02-12
2020-02-13,Baden-Wuerttemberg,114.32,,,2020-02-13
2020-02-14,Baden-Wuerttemberg,139.32,,,2020-02-14
2020-02-15,Baden-Wuerttemberg,138.27,,,2020-02-15
2020-02-16,Baden-Wuerttemberg,118.33,,,2020-02-16
2020-02-17,Baden-Wuerttemberg,112.12,,,2020-02-17
2020-02-18,Baden-Wuerttemberg,110.94,,,2020-02-18
2020-02-19,Baden-Wuerttemberg,113.62,,,2020-02-19
2020-02-20,Baden-Wuerttemberg,112.2,,,2020-02-20
2020-02-21,Baden-Wuerttemberg,137.06,,,2020-02-21
2020-02-22,Baden-Wuerttemberg,129.7,,,2020-02-22
2020-02-23,Baden-Wuerttemberg,103.09,,,2020-02-23
2020-02-24,Baden-Wuerttemberg,104.92,,,2020-02-24
2020-02-25,Baden-Wuerttemberg,104.36,,,2020-02-25
2020-02-26,Baden-Wuerttemberg,105.83,,,2020-02-26
2020-02-27,Baden-Wuerttemberg,112.11,,,2020-02-27
2020-02-28,Baden-Wuerttemberg,123.59,,,2020-02-28
2020-02-29,Baden-Wuerttemberg,123.83,,,2020-02-29
2020-03-01,Baden-Wuerttemberg,111.67,,,2020-03-01
2020-03-02,Baden-Wuerttemberg,102.64,,,2020-03-02
2020-03-03,Baden-Wuerttemberg,105.77,,,2020-03-03
2020-03-04,Baden-Wuerttemberg,105.2,,,2020-03-04
2020-03-05,Baden-Wuerttemberg,108.75,,,2020-03-05
2020-03-06,Baden-Wuerttemberg,119.53,,,2020-03-06
2020-03-07,Baden-Wuerttemberg,114.63,,,2020-03-07
2020-03-08,Baden-Wuerttemberg,109.06,,,2020-03-08
2020-03-09,Baden-Wuerttemberg,101.73,,,2020-03-09
2020-03-10,Baden-Wuerttemberg,100.67,,,2020-03-10
2020-03-11,Baden-Wuerttemberg,98.55,,,2020-03-11
2020-03-12,Baden-Wuerttemberg,89.67,,,2020-03-12
2020-03-13,Baden-Wuerttemberg,87.16,,,2020-03-13
2020-03-14,Baden-Wuerttemberg,76.33,,,2020-03-14
2020-03-15,Baden-Wuerttemberg,74.11,,,2020-03-15
2020-03-16,Baden-Wuerttemberg,68.28,,,2020-03-16
2020-03-17,Baden-Wuerttemberg,62.66,,,2020-03-17
2020-03-18,Baden-Wuerttemberg,57.83,,,2020-03-18
2020-03-19,Baden-Wuerttemberg,54.73,,,2020-03-19
2020-03-20,Baden-Wuerttemberg,50.54,,,2020-03-20
2020-03-21,Baden-Wuerttemberg,35.21,,,2020-03-21
2020-03-22,Baden-Wuerttemberg,37.72,,,2020-03-22
2020-03-23,Baden-Wuerttemberg,43.21,,,2020-03-23
2020-03-24,Baden-Wuerttemberg,43.39,,,2020-03-24
2020-03-25,Baden-Wuerttemberg,44.61,,,2020-03-25
2020-03-26,Baden-Wuerttemberg,45.25,,,2020-03-26
2020-03-27,Baden-Wuerttemberg,47.45,,,2020-03-27
2020-03-28,Baden-Wuerttemberg,45.83,,,2020-03-28
2020-03-29,Baden-Wuerttemberg,40.85,,,2020-03-29
2020-03-30,Baden-Wuerttemberg,48.97,,,2020-03-30
2020-03-31,Baden-Wuerttemberg,50.81,,,2020-03-31
2020-04-01,Baden-Wuerttemberg,51.56,,,2020-04-01
2020-04-02,Baden-Wuerttemberg,51.8,,,2020-04-02
2020-04-03,Baden-Wuerttemberg,51.31,,,2020-04-03
2020-04-04,Baden-Wuerttemberg,48.1,,,2020-04-04
2020-04-05,Baden-Wuerttemberg,55.2,,,2020-04-05
2020-04-06,Baden-Wuerttemberg,56.28,,,2020-04-06
2020-04-07,Baden-Wuerttemberg,58.62,,,2020-04-07
2020-04-08,Baden-Wuerttemberg,60.11,,,2020-04-08
2020-04-09,Baden-Wuerttemberg,58.26,,,2020-04-09
2020-04-10,Baden-Wuerttemberg,52.21,,,2020-04-10
2020-04-11,Baden-Wuerttemberg,51.87,,,2020-04-11
2020-04-12,Baden-Wuerttemberg,45.96,,,2020-04-12
2020-04-13,Baden-Wuerttemberg,56.37,,,2020-04-13
2020-04-14,Baden-Wuerttemberg,60.29,,,2020-04-14
2020-04-15,Baden-Wuerttemberg,61.26,,,2020-04-15
2020-04-16,Baden-Wuerttemberg,64.73,,,2020-04-16
2020-04-17,Baden-Wuerttemberg,63.72,,,2020-04-17
2020-04-18,Baden-Wuerttemberg,58.12,,,2020-04-18
2020-04-19,Baden-Wuerttemberg,64.79,,,2020-04-19
2020-04-20,Baden-Wuerttemberg,63.66,,,2020-04-20
2020-04-21,Baden-Wuerttemberg,65.45,,,2020-04-21
2020-04-22,Baden-Wuerttemberg,67.06,,,2020-04-22
2020-04-23,Baden-Wuerttemberg,66.86,,,2020-04-23
2020-04-24,Baden-Wuerttemberg,66.45,,,2020-04-24
2020-04-25,Baden-Wuerttemberg,62.51,,,2020-04-25
2020-04-26,Baden-Wuerttemberg,67.27,,,2020-04-26
2020-04-27,Baden-Wuerttemberg,65.65,,,2020-04-27
2020-04-28,Baden-Wuerttemberg,65.17,,,2020-04-28
2020-04-29,Baden-Wuerttemberg,67.67,,,2020-04-29
2020-04-30,Baden-Wuerttemberg,65.55,,,2020-04-30
2020-05-01,Baden-Wuerttemberg,60.81,,,2020-05-01
2020-05-02,Baden-Wuerttemberg,65.38,,,2020-05-02
2020-05-03,Baden-Wuerttemberg,74.89,,,2020-05-03
2020-05-04,Baden-Wuerttemberg,71.63,,,2020-05-04
2020-05-05,Baden-Wuerttemberg,71.93,,,2020-05-05
2020-05-06,Baden-Wuerttemberg,75.65,,,2020-05-06
2020-05-07,Baden-Wuerttemberg,78.94,,,2020-05-07
2020-05-08,Baden-Wuerttemberg,82.04,,,2020-05-08
2020-05-09,Baden-Wuerttemberg,75.53,,,2020-05-09
2020-05-10,Baden-Wuerttemberg,77.83,,,2020-05-10
2020-05-11,Baden-Wuerttemberg,,,,2020-05-11
2020-05-12,Baden-Wuerttemberg,,,,2020-05-12
2020-05-13,Baden-Wuerttemberg,79.57,,,2020-05-13
2020-05-14,Baden-Wuerttemberg,80.28,,,2020-05-14
2020-01-13,Bavaria,100.0,,,2020-01-13
2020-01-14,Bavaria,101.97,,,2020-01-14
2020-01-15,Bavaria,102.79,,,2020-01-15
2020-01-16,Bavaria,103.93,,,2020-01-16
2020-01-17,Bavaria,119.95,,,2020-01-17
2020-01-18,Bavaria,118.58,,,2020-01-18
2020-01-19,Bavaria,111.92,,,2020-01-19
2020-01-20,Bavaria,100.86,,,2020-01-20
2020-01-21,Bavaria,101.62,,,2020-01-21
2020-01-22,Bavaria,102.37,,,2020-01-22
2020-01-23,Bavaria,103.73,,,2020-01-23
2020-01-24,Bavaria,121.84,,,2020-01-24
2020-01-25,Bavaria,122.95,,,2020-01-25
2020-01-26,Bavaria,111.73,,,2020-01-26
2020-01-27,Bavaria,105.08,,,2020-01-27
2020-01-28,Bavaria,111.69,,,2020-01-28
2020-01-29,Bavaria,104.65,,,2020-01-29
2020-01-30,Bavaria,107.99,,,2020-01-30
2020-01-31,Bavaria,128.13,,,2020-01-31
2020-02-01,Bavaria,132.73,,,2020-02-01
2020-02-02,Bavaria,114.76,,,2020-02-02
2020-02-03,Bavaria,109.02,,,2020-02-03
2020-02-04,Bavaria,107.2,,,2020-02-04
2020-02-05,Bavaria,108.52,,,2020-02-05
2020-02-06,Bavaria,107.53,,,2020-02-06
2020-02-07,Bavaria,139.2,,,2020-02-07
2020-02-08,Bavaria,163.25,,,2020-02-08
2020-02-09,Bavaria,130.33,,,2020-02-09
2020-02-10,Bavaria,106.28,,,2020-02-10
2020-02-11,Bavaria,111.02,,,2020-02-11
2020-02-12,Bavaria,111.58,,,2020-02-12
2020-02-13,Bavaria,118.38,,,2020-02-13
2020-02-14,Bavaria,158.46,,,2020-02-14
2020-02-15,Bavaria,169.8,,,2020-02-15
2020-02-16,Bavaria,126.88,,,2020-02-16
2020-02-17,Bavaria,112.92,,,2020-02-17
2020-02-18,Bavaria,110.54,,,2020-02-18
2020-02-19,Bavaria,111.28,,,2020-02-19
2020-02-20,Bavaria,112.6,,,2020-02-20
2020-02-21,Bavaria,157.01,,,2020-02-21
2020-02-22,Bavaria,159.08,,,2020-02-22
2020-02-23,Bavaria,109.61,,,2020-02-23
2020-02-24,Bavaria,104.81,,,2020-02-24
2020-02-25,Bavaria,104.54,,,2020-02-25
2020-02-26,Bavaria,106.43,,,2020-02-26
2020-02-27,Bavaria,115.71,,,2020-02-27
2020-02-28,Bavaria,128.41,,,2020-02-28
2020-02-29,Bavaria,132.84,,,2020-02-29
2020-03-01,Bavaria,117.14,,,2020-03-01
2020-03-02,Bavaria,103.17,,,2020-03-02
2020-03-03,Bavaria,102.75,,,2020-03-03
2020-03-04,Bavaria,103.58,,,2020-03-04
2020-03-05,Bavaria,106.26,,,2020-03-05
2020-03-06,Bavaria,121.07,,,2020-03-06
2020-03-07,Bavaria,121.91,,,2020-03-07
2020-03-08,Bavaria,117.87,,,2020-03-08
2020-03-09,Bavaria,98.64,,,2020-03-09
2020-03-10,Bavaria,99.47,,,2020-03-10
2020-03-11,Bavaria,97.35,,,2020-03-11
2020-03-12,Bavaria,90.7,,,2020-03-12
2020-03-13,Bavaria,91.88,,,2020-03-13
2020-03-14,Bavaria,79.7,,,2020-03-14
2020-03-15,Bavaria,77.62,,,2020-03-15
2020-03-16,Bavaria,67.12,,,2020-03-16
2020-03-17,Bavaria,61.34,,,2020-03-17
2020-03-18,Bavaria,59.14,,,2020-03-18
2020-03-19,Bavaria,54.98,,,2020-03-19
2020-03-20,Bavaria,52.09,,,2020-03-20
2020-03-21,Bavaria,25.24,,,2020-03-21
2020-03-22,Bavaria,31.03,,,2020-03-22
2020-03-23,Bavaria,39.09,,,2020-03-23
2020-03-24,Bavaria,39.45,,,2020-03-24
2020-03-25,Bavaria,40.09,,,2020-03-25
2020-03-26,Bavaria,41.53,,,2020-03-26
2020-03-27,Bavaria,42.03,,,2020-03-27
2020-03-28,Bavaria,38.08,,,2020-03-28
2020-03-29,Bavaria,38.19,,,2020-03-29
2020-03-30,Bavaria,43.72,,,2020-03-30
2020-03-31,Bavaria,45.62,,,2020-03-31
2020-04-01,Bavaria,46.41,,,2020-04-01
2020-04-02,Bavaria,47.46,,,2020-04-02
2020-04-03,Bavaria,44.27,,,2020-04-03
2020-04-04,Bavaria,39.24,,,2020-04-04
2020-04-05,Bavaria,46.79,,,2020-04-05
2020-04-06,Bavaria,51.71,,,2020-04-06
2020-04-07,Bavaria,52.55,,,2020-04-07
2020-04-08,Bavaria,53.98,,,2020-04-08
2020-04-09,Bavaria,51.26,,,2020-04-09
2020-04-10,Bavaria,44.37,,,2020-04-10
2020-04-11,Bavaria,43.8,,,2020-04-11
2020-04-12,Bavaria,40.45,,,2020-04-12
2020-04-13,Bavaria,47.88,,,2020-04-13
2020-04-14,Bavaria,53.92,,,2020-04-14
2020-04-15,Bavaria,55.44,,,2020-04-15
2020-04-16,Bavaria,57.69,,,2020-04-16
2020-04-17,Bavaria,56.69,,,2020-04-17
2020-04-18,Bavaria,49.87,,,2020-04-18
2020-04-19,Bavaria,56.88,,,2020-04-19
2020-04-20,Bavaria,60.06,,,2020-04-20
2020-04-21,Bavaria,60.99,,,2020-04-21
2020-04-22,Bavaria,63.31,,,2020-04-22
2020-04-23,Bavaria,63.55,,,2020-04-23
2020-04-24,Bavaria,61.06,,,2020-04-24
2020-04-25,Bavaria,57.45,,,2020-04-25
2020-04-26,Bavaria,65.27,,,2020-04-26
2020-04-27,Bavaria,65.02,,,2020-04-27
2020-04-28,Bavaria,63.8,,,2020-04-28
2020-04-29,Bavaria,65.3,,,2020-04-29
2020-04-30,Bavaria,64.23,,,2020-04-30
2020-05-01,Bavaria,57.13,,,2020-05-01
2020-05-02,Bavaria,59.63,,,2020-05-02
2020-05-03,Bavaria,69.79,,,2020-05-03
2020-05-04,Bavaria,70.21,,,2020-05-04
2020-05-05,Bavaria,71.59,,,2020-05-05
2020-05-06,Bavaria,75.97,,,2020-05-06
2020-05-07,Bavaria,78.54,,,2020-05-07
2020-05-08,Bavaria,82.08,,,2020-05-08
2020-05-09,Bavaria,73.28,,,2020-05-09
2020-05-10,Bavaria,76.05,,,2020-05-10
2020-05-11,Bavaria,,,,2020-05-11
2020-05-12,Bavaria,,,,2020-05-12
2020-05-13,Bavaria,81.58,,,2020-05-13
2020-05-14,Bavaria,83.28,,,2020-05-14
2020-01-13,Brandenburg,100.0,,,2020-01-13
2020-01-14,Brandenburg,99.48,,,2020-01-14
2020-01-15,Brandenburg,98.34,,,2020-01-15
2020-01-16,Brandenburg,103.82,,,2020-01-16
2020-01-17,Brandenburg,113.46,,,2020-01-17
2020-01-18,Brandenburg,105.06,,,2020-01-18
2020-01-19,Brandenburg,113.24,,,2020-01-19
2020-01-20,Brandenburg,102.79,,,2020-01-20
2020-01-21,Brandenburg,101.74,,,2020-01-21
2020-01-22,Brandenburg,98.66,,,2020-01-22
2020-01-23,Brandenburg,99.35,,,2020-01-23
2020-01-24,Brandenburg,106.63,,,2020-01-24
2020-01-25,Brandenburg,101.63,,,2020-01-25
2020-01-26,Brandenburg,105.98,,,2020-01-26
2020-01-27,Brandenburg,104.82,,,2020-01-27
2020-01-28,Brandenburg,103.58,,,2020-01-28
2020-01-29,Brandenburg,99.99,,,2020-01-29
2020-01-30,Brandenburg,104.41,,,2020-01-30
2020-01-31,Brandenburg,127.47,,,2020-01-31
2020-02-01,Brandenburg,106.45,,,2020-02-01
2020-02-02,Brandenburg,105.51,,,2020-02-02
2020-02-03,Brandenburg,100.08,,,2020-02-03
2020-02-04,Brandenburg,100.25,,,2020-02-04
2020-02-05,Brandenburg,98.28,,,2020-02-05
2020-02-06,Brandenburg,99.21,,,2020-02-06
2020-02-07,Brandenburg,113.89,,,2020-02-07
2020-02-08,Brandenburg,113.78,,,2020-02-08
2020-02-09,Brandenburg,109.3,,,2020-02-09
2020-02-10,Brandenburg,103.86,,,2020-02-10
2020-02-11,Brandenburg,103.46,,,2020-02-11
2020-02-12,Brandenburg,102.77,,,2020-02-12
2020-02-13,Brandenburg,106.58,,,2020-02-13
2020-02-14,Brandenburg,119.87,,,2020-02-14
2020-02-15,Brandenburg,116.45,,,2020-02-15
2020-02-16,Brandenburg,112.85,,,2020-02-16
2020-02-17,Brandenburg,109.12,,,2020-02-17
2020-02-18,Brandenburg,106.55,,,2020-02-18
2020-02-19,Brandenburg,105.13,,,2020-02-19
2020-02-20,Brandenburg,105.37,,,2020-02-20
2020-02-21,Brandenburg,113.96,,,2020-02-21
2020-02-22,Brandenburg,108.49,,,2020-02-22
2020-02-23,Brandenburg,110.0,,,2020-02-23
2020-02-24,Brandenburg,104.45,,,2020-02-24
2020-02-25,Brandenburg,106.66,,,2020-02-25
2020-02-26,Brandenburg,100.85,,,2020-02-26
2020-02-27,Brandenburg,102.97,,,2020-02-27
2020-02-28,Brandenburg,112.61,,,2020-02-28
2020-02-29,Brandenburg,106.68,,,2020-02-29
2020-03-01,Brandenburg,113.15,,,2020-03-01
2020-03-02,Brandenburg,101.47,,,2020-03-02
2020-03-03,Brandenburg,102.09,,,2020-03-03
2020-03-04,Brandenburg,99.33,,,2020-03-04
2020-03-05,Brandenburg,101.64,,,2020-03-05
2020-03-06,Brandenburg,111.8,,,2020-03-06
2020-03-07,Brandenburg,105.32,,,2020-03-07
2020-03-08,Brandenburg,109.6,,,2020-03-08
2020-03-09,Brandenburg,100.67,,,2020-03-09
2020-03-10,Brandenburg,100.05,,,2020-03-10
2020-03-11,Brandenburg,96.07,,,2020-03-11
2020-03-12,Brandenburg,92.04,,,2020-03-12
2020-03-13,Brandenburg,88.34,,,2020-03-13
2020-03-14,Brandenburg,86.33,,,2020-03-14
2020-03-15,Brandenburg,83.92,,,2020-03-15
2020-03-16,Brandenburg,77.16,,,2020-03-16
2020-03-17,Brandenburg,76.47,,,2020-03-17
2020-03-18,Brandenburg,76.22,,,2020-03-18
2020-03-19,Brandenburg,67.37,,,2020-03-19
2020-03-20,Brandenburg,54.25,,,2020-03-20
2020-03-21,Brandenburg,46.79,,,2020-03-21
2020-03-22,Brandenburg,51.98,,,2020-03-22
2020-03-23,Brandenburg,50.73,,,2020-03-23
2020-03-24,Brandenburg,51.7,,,2020-03-24
2020-03-25,Brandenburg,51.81,,,2020-03-25
2020-03-26,Brandenburg,55.24,,,2020-03-26
2020-03-27,Brandenburg,52.94,,,2020-03-27
2020-03-28,Brandenburg,52.71,,,2020-03-28
2020-03-29,Brandenburg,45.67,,,2020-03-29
2020-03-30,Brandenburg,53.28,,,2020-03-30
2020-03-31,Brandenburg,55.82,,,2020-03-31
2020-04-01,Brandenburg,56.61,,,2020-04-01
2020-04-02,Brandenburg,56.39,,,2020-04-02
2020-04-03,Brandenburg,52.97,,,2020-04-03
2020-04-04,Brandenburg,48.97,,,2020-04-04
2020-04-05,Brandenburg,63.12,,,2020-04-05
2020-04-06,Brandenburg,67.13,,,2020-04-06
2020-04-07,Brandenburg,68.33,,,2020-04-07
2020-04-08,Brandenburg,69.85,,,2020-04-08
2020-04-09,Brandenburg,61.32,,,2020-04-09
2020-04-10,Brandenburg,53.7,,,2020-04-10
2020-04-11,Brandenburg,53.5,,,2020-04-11
2020-04-12,Brandenburg,57.42,,,2020-04-12
2020-04-13,Brandenburg,60.52,,,2020-04-13
2020-04-14,Brandenburg,68.19,,,2020-04-14
2020-04-15,Brandenburg,69.22,,,2020-04-15
2020-04-16,Brandenburg,71.49,,,2020-04-16
2020-04-17,Brandenburg,67.25,,,2020-04-17
2020-04-18,Brandenburg,64.83,,,2020-04-18
2020-04-19,Brandenburg,74.61,,,2020-04-19
2020-04-20,Brandenburg,69.61,,,2020-04-20
2020-04-21,Brandenburg,73.55,,,2020-04-21
2020-04-22,Brandenburg,76.27,,,2020-04-22
2020-04-23,Brandenburg,78.5,,,2020-04-23
2020-04-24,Brandenburg,72.9,,,2020-04-24
2020-04-25,Brandenburg,68.3,,,2020-04-25
2020-04-26,Brandenburg,82.95,,,2020-04-26
2020-04-27,Brandenburg,80.18,,,2020-04-27
2020-04-28,Brandenburg,80.05,,,2020-04-28
2020-04-29,Brandenburg,77.42,,,2020-04-29
2020-04-30,Brandenburg,76.17,,,2020-04-30
2020-05-01,Brandenburg,72.63,,,2020-05-01
2020-05-02,Brandenburg,67.93,,,2020-05-02
2020-05-03,Brandenburg,86.17,,,2020-05-03
2020-05-04,Brandenburg,83.0,,,2020-05-04
2020-05-05,Brandenburg,83.53,,,2020-05-05
2020-05-06,Brandenburg,87.41,,,2020-05-06
2020-05-07,Brandenburg,88.3,,,2020-05-07
2020-05-08,Brandenburg,112.46,,,2020-05-08
2020-05-09,Brandenburg,93.48,,,2020-05-09
2020-05-10,Brandenburg,103.0,,,2020-05-10
2020-05-11,Brandenburg,,,,2020-05-11
2020-05-12,Brandenburg,,,,2020-05-12
2020-05-13,Brandenburg,91.56,,,2020-05-13
2020-05-14,Brandenburg,97.08,,,2020-05-14
2020-01-13,Hesse,100.0,,,2020-01-13
2020-01-14,Hesse,103.2,,,2020-01-14
2020-01-15,Hesse,105.43,,,2020-01-15
2020-01-16,Hesse,107.95,,,2020-01-16
2020-01-17,Hesse,112.44,,,2020-01-17
2020-01-18,Hesse,109.91,,,2020-01-18
2020-01-19,Hesse,102.49,,,2020-01-19
2020-01-20,Hesse,102.66,,,2020-01-20
2020-01-21,Hesse,108.39,,,2020-01-21
2020-01-22,Hesse,107.44,,,2020-01-22
2020-01-23,Hesse,106.95,,,2020-01-23
2020-01-24,Hesse,116.41,,,2020-01-24
2020-01-25,Hesse,110.63,,,2020-01-25
2020-01-26,Hesse,105.15,,,2020-01-26
2020-01-27,Hesse,107.24,,,2020-01-27
2020-01-28,Hesse,106.59,,,2020-01-28
2020-01-29,Hesse,108.09,,,2020-01-29
2020-01-30,Hesse,106.63,,,2020-01-30
2020-01-31,Hesse,118.76,,,2020-01-31
2020-02-01,Hesse,114.35,,,2020-02-01
2020-02-02,Hesse,108.18,,,2020-02-02
2020-02-03,Hesse,107.43,,,2020-02-03
2020-02-04,Hesse,110.86,,,2020-02-04
2020-02-05,Hesse,111.75,,,2020-02-05
2020-02-06,Hesse,106.1,,,2020-02-06
2020-02-07,Hesse,118.79,,,2020-02-07
2020-02-08,Hesse,115.5,,,2020-02-08
2020-02-09,Hesse,108.89,,,2020-02-09
2020-02-10,Hesse,113.78,,,2020-02-10
2020-02-11,Hesse,112.93,,,2020-02-11
2020-02-12,Hesse,112.52,,,2020-02-12
2020-02-13,Hesse,112.51,,,2020-02-13
2020-02-14,Hesse,126.16,,,2020-02-14
2020-02-15,Hesse,118.99,,,2020-02-15
2020-02-16,Hesse,105.97,,,2020-02-16
2020-02-17,Hesse,107.45,,,2020-02-17
2020-02-18,Hesse,108.57,,,2020-02-18
2020-02-19,Hesse,111.01,,,2020-02-19
2020-02-20,Hesse,111.92,,,2020-02-20
2020-02-21,Hesse,120.06,,,2020-02-21
2020-02-22,Hesse,110.36,,,2020-02-22
2020-02-23,Hesse,98.21,,,2020-02-23
2020-02-24,Hesse,104.23,,,2020-02-24
2020-02-25,Hesse,103.33,,,2020-02-25
2020-02-26,Hesse,104.74,,,2020-02-26
2020-02-27,Hesse,124.22,,,2020-02-27
2020-02-28,Hesse,115.89,,,2020-02-28
2020-02-29,Hesse,113.48,,,2020-02-29
2020-03-01,Hesse,106.25,,,2020-03-01
2020-03-02,Hesse,105.0,,,2020-03-02
2020-03-03,Hesse,102.65,,,2020-03-03
2020-03-04,Hesse,104.07,,,2020-03-04
2020-03-05,Hesse,106.55,,,2020-03-05
2020-03-06,Hesse,112.45,,,2020-03-06
2020-03-07,Hesse,111.72,,,2020-03-07
2020-03-08,Hesse,101.47,,,2020-03-08
2020-03-09,Hesse,100.55,,,2020-03-09
2020-03-10,Hesse,103.03,,,2020-03-10
2020-03-11,Hesse,105.31,,,2020-03-11
2020-03-12,Hesse,91.03,,,2020-03-12
2020-03-13,Hesse,88.41,,,2020-03-13
2020-03-14,Hesse,78.75,,,2020-03-14
2020-03-15,Hesse,72.27,,,2020-03-15
2020-03-16,Hesse,70.01,,,2020-03-16
2020-03-17,Hesse,63.17,,,2020-03-17
2020-03-18,Hesse,58.59,,,2020-03-18
2020-03-19,Hesse,54.46,,,2020-03-19
2020-03-20,Hesse,52.05,,,2020-03-20
2020-03-21,Hesse,39.13,,,2020-03-21
2020-03-22,Hesse,40.73,,,2020-03-22
2020-03-23,Hesse,45.32,,,2020-03-23
2020-03-24,Hesse,45.43,,,2020-03-24
2020-03-25,Hesse,46.69,,,2020-03-25
2020-03-26,Hesse,48.29,,,2020-03-26
2020-03-27,Hesse,51.19,,,2020-03-27
2020-03-28,Hesse,48.56,,,2020-03-28
2020-03-29,Hesse,44.29,,,2020-03-29
2020-03-30,Hesse,51.29,,,2020-03-30
2020-03-31,Hesse,53.05,,,2020-03-31
2020-04-01,Hesse,53.92,,,2020-04-01
2020-04-02,Hesse,54.09,,,2020-04-02
2020-04-03,Hesse,52.67,,,2020-04-03
2020-04-04,Hesse,50.06,,,2020-04-04
2020-04-05,Hesse,55.1,,,2020-04-05
2020-04-06,Hesse,58.81,,,2020-04-06
2020-04-07,Hesse,60.69,,,2020-04-07
2020-04-08,Hesse,62.85,,,2020-04-08
2020-04-09,Hesse,60.93,,,2020-04-09
2020-04-10,Hesse,53.37,,,2020-04-10
2020-04-11,Hesse,53.24,,,2020-04-11
2020-04-12,Hesse,46.32,,,2020-04-12
2020-04-13,Hesse,52.75,,,2020-04-13
2020-04-14,Hesse,61.5,,,2020-04-14
2020-04-15,Hesse,63.37,,,2020-04-15
2020-04-16,Hesse,66.18,,,2020-04-16
2020-04-17,Hesse,66.47,,,2020-04-17
2020-04-18,Hesse,59.29,,,2020-04-18
2020-04-19,Hesse,62.81,,,2020-04-19
2020-04-20,Hesse,66.81,,,2020-04-20
2020-04-21,Hesse,67.85,,,2020-04-21
2020-04-22,Hesse,69.14,,,2020-04-22
2020-04-23,Hesse,68.83,,,2020-04-23
2020-04-24,Hesse,68.18,,,2020-04-24
2020-04-25,Hesse,64.4,,,2020-04-25
2020-04-26,Hesse,67.85,,,2020-04-26
2020-04-27,Hesse,67.61,,,2020-04-27
2020-04-28,Hesse,66.96,,,2020-04-28
2020-04-29,Hesse,69.44,,,2020-04-29
2020-04-30,Hesse,68.0,,,2020-04-30
2020-05-01,Hesse,61.39,,,2020-05-01
2020-05-02,Hesse,67.16,,,2020-05-02
2020-05-03,Hesse,72.8,,,2020-05-03
2020-05-04,Hesse,74.18,,,2020-05-04
2020-05-05,Hesse,76.21,,,2020-05-05
2020-05-06,Hesse,78.27,,,2020-05-06
2020-05-07,Hesse,80.34,,,2020-05-07
2020-05-08,Hesse,83.56,,,2020-05-08
2020-05-09,Hesse,75.52,,,2020-05-09
2020-05-10,Hesse,75.51,,,2020-05-10
2020-05-11,Hesse,,,,2020-05-11
2020-05-12,Hesse,,,,2020-05-12
2020-05-13,Hesse,83.31,,,2020-05-13
2020-05-14,Hesse,84.3,,,2020-05-14
2020-01-13,Lower Saxony,100.0,,,2020-01-13
2020-01-14,Lower Saxony,100.37,,,2020-01-14
2020-01-15,Lower Saxony,101.27,,,2020-01-15
2020-01-16,Lower Saxony,105.67,,,2020-01-16
2020-01-17,Lower Saxony,115.66,,,2020-01-17
2020-01-18,Lower Saxony,106.84,,,2020-01-18
2020-01-19,Lower Saxony,106.46,,,2020-01-19
2020-01-20,Lower Saxony,100.2,,,2020-01-20
2020-01-21,Lower Saxony,103.44,,,2020-01-21
2020-01-22,Lower Saxony,102.02,,,2020-01-22
2020-01-23,Lower Saxony,100.97,,,2020-01-23
2020-01-24,Lower Saxony,110.58,,,2020-01-24
2020-01-25,Lower Saxony,105.68,,,2020-01-25
2020-01-26,Lower Saxony,104.35,,,2020-01-26
2020-01-27,Lower Saxony,101.87,,,2020-01-27
2020-01-28,Lower Saxony,103.38,,,2020-01-28
2020-01-29,Lower Saxony,103.14,,,2020-01-29
2020-01-30,Lower Saxony,104.4,,,2020-01-30
2020-01-31,Lower Saxony,122.98,,,2020-01-31
2020-02-01,Lower Saxony,111.72,,,2020-02-01
2020-02-02,Lower Saxony,109.68,,,2020-02-02
2020-02-03,Lower Saxony,110.06,,,2020-02-03
2020-02-04,Lower Saxony,115.89,,,2020-02-04
2020-02-05,Lower Saxony,108.98,,,2020-02-05
2020-02-06,Lower Saxony,105.12,,,2020-02-06
2020-02-07,Lower Saxony,120.05,,,2020-02-07
2020-02-08,Lower Saxony,114.05,,,2020-02-08
2020-02-09,Lower Saxony,110.01,,,2020-02-09
2020-02-10,Lower Saxony,107.46,,,2020-02-10
2020-02-11,Lower Saxony,107.33,,,2020-02-11
2020-02-12,Lower Saxony,108.14,,,2020-02-12
2020-02-13,Lower Saxony,110.04,,,2020-02-13
2020-02-14,Lower Saxony,127.59,,,2020-02-14
2020-02-15,Lower Saxony,131.01,,,2020-02-15
2020-02-16,Lower Saxony,114.91,,,2020-02-16
2020-02-17,Lower Saxony,106.76,,,2020-02-17
2020-02-18,Lower Saxony,110.7,,,2020-02-18
2020-02-19,Lower Saxony,121.76,,,2020-02-19
2020-02-20,Lower Saxony,111.74,,,2020-02-20
2020-02-21,Lower Saxony,121.79,,,2020-02-21
2020-02-22,Lower Saxony,115.94,,,2020-02-22
2020-02-23,Lower Saxony,107.81,,,2020-02-23
2020-02-24,Lower Saxony,110.0,,,2020-02-24
2020-02-25,Lower Saxony,110.38,,,2020-02-25
2020-02-26,Lower Saxony,108.66,,,2020-02-26
2020-02-27,Lower Saxony,107.3,,,2020-02-27
2020-02-28,Lower Saxony,121.24,,,2020-02-28
2020-02-29,Lower Saxony,116.24,,,2020-02-29
2020-03-01,Lower Saxony,110.28,,,2020-03-01
2020-03-02,Lower Saxony,105.87,,,2020-03-02
2020-03-03,Lower Saxony,106.32,,,2020-03-03
2020-03-04,Lower Saxony,106.55,,,2020-03-04
2020-03-05,Lower Saxony,106.02,,,2020-03-05
2020-03-06,Lower Saxony,124.91,,,2020-03-06
2020-03-07,Lower Saxony,116.31,,,2020-03-07
2020-03-08,Lower Saxony,112.41,,,2020-03-08
2020-03-09,Lower Saxony,103.32,,,2020-03-09
2020-03-10,Lower Saxony,108.08,,,2020-03-10
2020-03-11,Lower Saxony,101.18,,,2020-03-11
2020-03-12,Lower Saxony,92.48,,,2020-03-12
2020-03-13,Lower Saxony,94.2,,,2020-03-13
2020-03-14,Lower Saxony,82.9,,,2020-03-14
2020-03-15,Lower Saxony,77.16,,,2020-03-15
2020-03-16,Lower Saxony,73.9,,,2020-03-16
2020-03-17,Lower Saxony,67.96,,,2020-03-17
2020-03-18,Lower Saxony,63.21,,,2020-03-18
2020-03-19,Lower Saxony,58.75,,,2020-03-19
2020-03-20,Lower Saxony,55.68,,,2020-03-20
2020-03-21,Lower Saxony,46.02,,,2020-03-21
2020-03-22,Lower Saxony,47.6,,,2020-03-22
2020-03-23,Lower Saxony,50.92,,,2020-03-23
2020-03-24,Lower Saxony,52.94,,,2020-03-24
2020-03-25,Lower Saxony,53.36,,,2020-03-25
2020-03-26,Lower Saxony,55.51,,,2020-03-26
2020-03-27,Lower Saxony,57.24,,,2020-03-27
2020-03-28,Lower Saxony,52.03,,,2020-03-28
2020-03-29,Lower Saxony,49.47,,,2020-03-29
2020-03-30,Lower Saxony,57.15,,,2020-03-30
2020-03-31,Lower Saxony,60.91,,,2020-03-31
2020-04-01,Lower Saxony,60.26,,,2020-04-01
2020-04-02,Lower Saxony,59.45,,,2020-04-02
2020-04-03,Lower Saxony,58.14,,,2020-04-03
2020-04-04,Lower Saxony,52.87,,,2020-04-04
2020-04-05,Lower Saxony,63.26,,,2020-04-05
2020-04-06,Lower Saxony,67.38,,,2020-04-06
2020-04-07,Lower Saxony,68.69,,,2020-04-07
2020-04-08,Lower Saxony,70.43,,,2020-04-08
2020-04-09,Lower Saxony,66.0,,,2020-04-09
2020-04-10,Lower Saxony,58.12,,,2020-04-10
2020-04-11,Lower Saxony,56.15,,,2020-04-11
2020-04-12,Lower Saxony,51.19,,,2020-04-12
2020-04-13,Lower Saxony,62.28,,,2020-04-13
2020-04-14,Lower Saxony,68.96,,,2020-04-14
2020-04-15,Lower Saxony,71.15,,,2020-04-15
2020-04-16,Lower Saxony,72.84,,,2020-04-16
2020-04-17,Lower Saxony,72.74,,,2020-04-17
2020-04-18,Lower Saxony,65.93,,,2020-04-18
2020-04-19,Lower Saxony,73.69,,,2020-04-19
2020-04-20,Lower Saxony,74.07,,,2020-04-20
2020-04-21,Lower Saxony,73.83,,,2020-04-21
2020-04-22,Lower Saxony,76.5,,,2020-04-22
2020-04-23,Lower Saxony,75.93,,,2020-04-23
2020-04-24,Lower Saxony,74.6,,,2020-04-24
2020-04-25,Lower Saxony,67.87,,,2020-04-25
2020-04-26,Lower Saxony,76.07,,,2020-04-26
2020-04-27,Lower Saxony,76.45,,,2020-04-27
2020-04-28,Lower Saxony,77.0,,,2020-04-28
2020-04-29,Lower Saxony,77.5,,,2020-04-29
2020-04-30,Lower Saxony,77.8,,,2020-04-30
2020-05-01,Lower Saxony,71.18,,,2020-05-01
2020-05-02,Lower Saxony,72.6,,,2020-05-02
2020-05-03,Lower Saxony,81.53,,,2020-05-03
2020-05-04,Lower Saxony,84.76,,,2020-05-04
2020-05-05,Lower Saxony,84.33,,,2020-05-05
2020-05-06,Lower Saxony,85.51,,,2020-05-06
2020-05-07,Lower Saxony,90.16,,,2020-05-07
2020-05-08,Lower Saxony,93.86,,,2020-05-08
2020-05-09,Lower Saxony,87.93,,,2020-05-09
2020-05-10,Lower Saxony,88.42,,,2020-05-10
2020-05-11,Lower Saxony,,,,2020-05-11
2020-05-12,Lower Saxony,,,,2020-05-12
2020-05-13,Lower Saxony,94.14,,,2020-05-13
2020-05-14,Lower Saxony,97.23,,,2020-05-14
2020-01-13,Mecklenburg-Western Pomerania,100.0,,,2020-01-13
2020-01-14,Mecklenburg-Western Pomerania,101.41,,,2020-01-14
2020-01-15,Mecklenburg-Western Pomerania,104.39,,,2020-01-15
2020-01-16,Mecklenburg-Western Pomerania,103.13,,,2020-01-16
2020-01-17,Mecklenburg-Western Pomerania,115.79,,,2020-01-17
2020-01-18,Mecklenburg-Western Pomerania,113.31,,,2020-01-18
2020-01-19,Mecklenburg-Western Pomerania,121.52,,,2020-01-19
2020-01-20,Mecklenburg-Western Pomerania,102.44,,,2020-01-20
2020-01-21,Mecklenburg-Western Pomerania,103.13,,,2020-01-21
2020-01-22,Mecklenburg-Western Pomerania,106.43,,,2020-01-22
2020-01-23,Mecklenburg-Western Pomerania,105.56,,,2020-01-23
2020-01-24,Mecklenburg-Western Pomerania,117.8,,,2020-01-24
2020-01-25,Mecklenburg-Western Pomerania,110.82,,,2020-01-25
2020-01-26,Mecklenburg-Western Pomerania,114.3,,,2020-01-26
2020-01-27,Mecklenburg-Western Pomerania,102.4,,,2020-01-27
2020-01-28,Mecklenburg-Western Pomerania,103.22,,,2020-01-28
2020-01-29,Mecklenburg-Western Pomerania,98.82,,,2020-01-29
2020-01-30,Mecklenburg-Western Pomerania,101.84,,,2020-01-30
2020-01-31,Mecklenburg-Western Pomerania,120.68,,,2020-01-31
2020-02-01,Mecklenburg-Western Pomerania,128.65,,,2020-02-01
2020-02-02,Mecklenburg-Western Pomerania,132.36,,,2020-02-02
2020-02-03,Mecklenburg-Western Pomerania,116.75,,,2020-02-03
2020-02-04,Mecklenburg-Western Pomerania,115.18,,,2020-02-04
2020-02-05,Mecklenburg-Western Pomerania,115.88,,,2020-02-05
2020-02-06,Mecklenburg-Western Pomerania,114.32,,,2020-02-06
2020-02-07,Mecklenburg-Western Pomerania,136.68,,,2020-02-07
2020-02-08,Mecklenburg-Western Pomerania,125.5,,,2020-02-08
2020-02-09,Mecklenburg-Western Pomerania,116.34,,,2020-02-09
2020-02-10,Mecklenburg-Western Pomerania,110.01,,,2020-02-10
2020-02-11,Mecklenburg-Western Pomerania,107.79,,,2020-02-11
2020-02-12,Mecklenburg-Western Pomerania,107.35,,,2020-02-12
2020-02-13,Mecklenburg-Western Pomerania,115.21,,,2020-02-13
2020-02-14,Mecklenburg-Western Pomerania,133.44,,,2020-02-14
2020-02-15,Mecklenburg-Western Pomerania,127.41,,,2020-02-15
2020-02-16,Mecklenburg-Western Pomerania,128.7,,,2020-02-16
2020-02-17,Mecklenburg-Western Pomerania,116.49,,,2020-02-17
2020-02-18,Mecklenburg-Western Pomerania,115.14,,,2020-02-18
2020-02-19,Mecklenburg-Western Pomerania,111.04,,,2020-02-19
2020-02-20,Mecklenburg-Western Pomerania,111.0,,,2020-02-20
2020-02-21,Mecklenburg-Western Pomerania,127.36,,,2020-02-21
2020-02-22,Mecklenburg-Western Pomerania,122.21,,,2020-02-22
2020-02-23,Mecklenburg-Western Pomerania,126.5,,,2020-02-23
2020-02-24,Mecklenburg-Western Pomerania,114.77,,,2020-02-24
2020-02-25,Mecklenburg-Western Pomerania,116.59,,,2020-02-25
2020-02-26,Mecklenburg-Western Pomerania,112.16,,,2020-02-26
2020-02-27,Mecklenburg-Western Pomerania,111.27,,,2020-02-27
2020-02-28,Mecklenburg-Western Pomerania,129.31,,,2020-02-28
2020-02-29,Mecklenburg-Western Pomerania,121.18,,,2020-02-29
2020-03-01,Mecklenburg-Western Pomerania,125.13,,,2020-03-01
2020-03-02,Mecklenburg-Western Pomerania,114.1,,,2020-03-02
2020-03-03,Mecklenburg-Western Pomerania,114.26,,,2020-03-03
2020-03-04,Mecklenburg-Western Pomerania,111.18,,,2020-03-04
2020-03-05,Mecklenburg-Western Pomerania,113.76,,,2020-03-05
2020-03-06,Mecklenburg-Western Pomerania,133.19,,,2020-03-06
2020-03-07,Mecklenburg-Western Pomerania,126.04,,,2020-03-07
2020-03-08,Mecklenburg-Western Pomerania,126.8,,,2020-03-08
2020-03-09,Mecklenburg-Western Pomerania,112.8,,,2020-03-09
2020-03-10,Mecklenburg-Western Pomerania,106.82,,,2020-03-10
2020-03-11,Mecklenburg-Western Pomerania,104.89,,,2020-03-11
2020-03-12,Mecklenburg-Western Pomerania,98.2,,,2020-03-12
2020-03-13,Mecklenburg-Western Pomerania,104.3,,,2020-03-13
2020-03-14,Mecklenburg-Western Pomerania,99.97,,,2020-03-14
2020-03-15,Mecklenburg-Western Pomerania,93.09,,,2020-03-15
2020-03-16,Mecklenburg-Western Pomerania,78.96,,,2020-03-16
2020-03-17,Mecklenburg-Western Pomerania,72.39,,,2020-03-17
2020-03-18,Mecklenburg-Western Pomerania,67.12,,,2020-03-18
2020-03-19,Mecklenburg-Western Pomerania,62.55,,,2020-03-19
2020-03-20,Mecklenburg-Western Pomerania,56.17,,,2020-03-20
2020-03-21,Mecklenburg-Western Pomerania,43.14,,,2020-03-21
2020-03-22,Mecklenburg-Western Pomerania,45.95,,,2020-03-22
2020-03-23,Mecklenburg-Western Pomerania,52.2,,,2020-03-23
2020-03-24,Mecklenburg-Western Pomerania,51.95,,,2020-03-24
2020-03-25,Mecklenburg-Western Pomerania,53.33,,,2020-03-25
2020-03-26,Mecklenburg-Western Pomerania,57.55,,,2020-03-26
2020-03-27,Mecklenburg-Western Pomerania,54.92,,,2020-03-27
2020-03-28,Mecklenburg-Western Pomerania,48.42,,,2020-03-28
2020-03-29,Mecklenburg-Western Pomerania,50.6,,,2020-03-29
2020-03-30,Mecklenburg-Western Pomerania,58.2,,,2020-03-30
2020-03-31,Mecklenburg-Western Pomerania,59.01,,,2020-03-31
2020-04-01,Mecklenburg-Western Pomerania,59.02,,,2020-04-01
2020-04-02,Mecklenburg-Western Pomerania,59.51,,,2020-04-02
2020-04-03,Mecklenburg-Western Pomerania,55.13,,,2020-04-03
2020-04-04,Mecklenburg-Western Pomerania,45.54,,,2020-04-04
2020-04-05,Mecklenburg-Western Pomerania,58.8,,,2020-04-05
2020-04-06,Mecklenburg-Western Pomerania,64.68,,,2020-04-06
2020-04-07,Mecklenburg-Western Pomerania,63.54,,,2020-04-07
2020-04-08,Mecklenburg-Western Pomerania,65.35,,,2020-04-08
2020-04-09,Mecklenburg-Western Pomerania,59.83,,,2020-04-09
2020-04-10,Mecklenburg-Western Pomerania,50.73,,,2020-04-10
2020-04-11,Mecklenburg-Western Pomerania,47.24,,,2020-04-11
2020-04-12,Mecklenburg-Western Pomerania,49.17,,,2020-04-12
2020-04-13,Mecklenburg-Western Pomerania,59.36,,,2020-04-13
2020-04-14,Mecklenburg-Western Pomerania,67.36,,,2020-04-14
2020-04-15,Mecklenburg-Western Pomerania,69.75,,,2020-04-15
2020-04-16,Mecklenburg-Western Pomerania,70.03,,,2020-04-16
2020-04-17,Mecklenburg-Western Pomerania,69.03,,,2020-04-17
2020-04-18,Mecklenburg-Western Pomerania,60.54,,,2020-04-18
2020-04-19,Mecklenburg-Western Pomerania,70.3,,,2020-04-19
2020-04-20,Mecklenburg-Western Pomerania,71.54,,,2020-04-20
2020-04-21,Mecklenburg-Western Pomerania,71.81,,,2020-04-21
2020-04-22,Mecklenburg-Western Pomerania,72.53,,,2020-04-22
2020-04-23,Mecklenburg-Western Pomerania,74.47,,,2020-04-23
2020-04-24,Mecklenburg-Western Pomerania,73.6,,,2020-04-24
2020-04-25,Mecklenburg-Western Pomerania,64.06,,,2020-04-25
2020-04-26,Mecklenburg-Western Pomerania,72.86,,,2020-04-26
2020-04-27,Mecklenburg-Western Pomerania,73.97,,,2020-04-27
2020-04-28,Mecklenburg-Western Pomerania,73.32,,,2020-04-28
2020-04-29,Mecklenburg-Western Pomerania,76.68,,,2020-04-29
2020-04-30,Mecklenburg-Western Pomerania,75.99,,,2020-04-30
2020-05-01,Mecklenburg-Western Pomerania,71.64,,,2020-05-01
2020-05-02,Mecklenburg-Western Pomerania,68.61,,,2020-05-02
2020-05-03,Mecklenburg-Western Pomerania,86.85,,,2020-05-03
2020-05-04,Mecklenburg-Western Pomerania,87.07,,,2020-05-04
2020-05-05,Mecklenburg-Western Pomerania,88.64,,,2020-05-05
2020-05-06,Mecklenburg-Western Pomerania,91.57,,,2020-05-06
2020-05-07,Mecklenburg-Western Pomerania,93.67,,,2020-05-07
2020-05-08,Mecklenburg-Western Pomerania,98.89,,,2020-05-08
2020-05-09,Mecklenburg-Western Pomerania,97.95,,,2020-05-09
2020-05-10,Mecklenburg-Western Pomerania,103.25,,,2020-05-10
2020-05-11,Mecklenburg-Western Pomerania,,,,2020-05-11
2020-05-12,Mecklenburg-Western Pomerania,,,,2020-05-12
2020-05-13,Mecklenburg-Western Pomerania,104.4,,,2020-05-13
2020-05-14,Mecklenburg-Western Pomerania,104.07,,,2020-05-14
2020-01-13,North Rhine-Westphalia,100.0,,,2020-01-13
2020-01-14,North Rhine-Westphalia,100.15,,,2020-01-14
2020-01-15,North Rhine-Westphalia,101.64,,,2020-01-15
2020-01-16,North Rhine-Westphalia,101.39,,,2020-01-16
2020-01-17,North Rhine-Westphalia,110.92,,,2020-01-17
2020-01-18,North Rhine-Westphalia,104.96,,,2020-01-18
2020-01-19,North Rhine-Westphalia,97.42,,,2020-01-19
2020-01-20,North Rhine-Westphalia,99.63,,,2020-01-20
2020-01-21,North Rhine-Westphalia,103.18,,,2020-01-21
2020-01-22,North Rhine-Westphalia,102.73,,,2020-01-22
2020-01-23,North Rhine-Westphalia,100.72,,,2020-01-23
2020-01-24,North Rhine-Westphalia,106.64,,,2020-01-24
2020-01-25,North Rhine-Westphalia,101.61,,,2020-01-25
2020-01-26,North Rhine-Westphalia,96.85,,,2020-01-26
2020-01-27,North Rhine-Westphalia,98.76,,,2020-01-27
2020-01-28,North Rhine-Westphalia,101.11,,,2020-01-28
2020-01-29,North Rhine-Westphalia,99.72,,,2020-01-29
2020-01-30,North Rhine-Westphalia,100.26,,,2020-01-30
2020-01-31,North Rhine-Westphalia,112.07,,,2020-01-31
2020-02-01,North Rhine-Westphalia,111.32,,,2020-02-01
2020-02-02,North Rhine-Westphalia,100.0,,,2020-02-02
2020-02-03,North Rhine-Westphalia,100.69,,,2020-02-03
2020-02-04,North Rhine-Westphalia,103.97,,,2020-02-04
2020-02-05,North Rhine-Westphalia,102.81,,,2020-02-05
2020-02-06,North Rhine-Westphalia,100.66,,,2020-02-06
2020-02-07,North Rhine-Westphalia,112.65,,,2020-02-07
2020-02-08,North Rhine-Westphalia,105.94,,,2020-02-08
2020-02-09,North Rhine-Westphalia,89.44,,,2020-02-09
2020-02-10,North Rhine-Westphalia,100.11,,,2020-02-10
2020-02-11,North Rhine-Westphalia,106.36,,,2020-02-11
2020-02-12,North Rhine-Westphalia,106.17,,,2020-02-12
2020-02-13,North Rhine-Westphalia,111.59,,,2020-02-13
2020-02-14,North Rhine-Westphalia,119.31,,,2020-02-14
2020-02-15,North Rhine-Westphalia,111.12,,,2020-02-15
2020-02-16,North Rhine-Westphalia,98.99,,,2020-02-16
2020-02-17,North Rhine-Westphalia,105.22,,,2020-02-17
2020-02-18,North Rhine-Westphalia,109.25,,,2020-02-18
2020-02-19,North Rhine-Westphalia,106.47,,,2020-02-19
2020-02-20,North Rhine-Westphalia,99.9,,,2020-02-20
2020-02-21,North Rhine-Westphalia,109.57,,,2020-02-21
2020-02-22,North Rhine-Westphalia,102.47,,,2020-02-22
2020-02-23,North Rhine-Westphalia,85.0,,,2020-02-23
2020-02-24,North Rhine-Westphalia,92.18,,,2020-02-24
2020-02-25,North Rhine-Westphalia,102.66,,,2020-02-25
2020-02-26,North Rhine-Westphalia,98.86,,,2020-02-26
2020-02-27,North Rhine-Westphalia,101.43,,,2020-02-27
2020-02-28,North Rhine-Westphalia,105.32,,,2020-02-28
2020-02-29,North Rhine-Westphalia,103.1,,,2020-02-29
2020-03-01,North Rhine-Westphalia,95.18,,,2020-03-01
2020-03-02,North Rhine-Westphalia,96.52,,,2020-03-02
2020-03-03,North Rhine-Westphalia,103.45,,,2020-03-03
2020-03-04,North Rhine-Westphalia,100.06,,,2020-03-04
2020-03-05,North Rhine-Westphalia,101.23,,,2020-03-05
2020-03-06,North Rhine-Westphalia,108.88,,,2020-03-06
2020-03-07,North Rhine-Westphalia,105.52,,,2020-03-07
2020-03-08,North Rhine-Westphalia,94.87,,,2020-03-08
2020-03-09,North Rhine-Westphalia,95.11,,,2020-03-09
2020-03-10,North Rhine-Westphalia,96.49,,,2020-03-10
2020-03-11,North Rhine-Westphalia,94.28,,,2020-03-11
2020-03-12,North Rhine-Westphalia,88.98,,,2020-03-12
2020-03-13,North Rhine-Westphalia,83.24,,,2020-03-13
2020-03-14,North Rhine-Westphalia,75.34,,,2020-03-14
2020-03-15,North Rhine-Westphalia,66.7,,,2020-03-15
2020-03-16,North Rhine-Westphalia,65.79,,,2020-03-16
2020-03-17,North Rhine-Westphalia,62.02,,,2020-03-17
2020-03-18,North Rhine-Westphalia,57.02,,,2020-03-18
2020-03-19,North Rhine-Westphalia,52.18,,,2020-03-19
2020-03-20,North Rhine-Westphalia,48.14,,,2020-03-20
2020-03-21,North Rhine-Westphalia,40.18,,,2020-03-21
2020-03-22,North Rhine-Westphalia,40.17,,,2020-03-22
2020-03-23,North Rhine-Westphalia,45.85,,,2020-03-23
2020-03-24,North Rhine-Westphalia,46.13,,,2020-03-24
2020-03-25,North Rhine-Westphalia,47.21,,,2020-03-25
2020-03-26,North Rhine-Westphalia,49.0,,,2020-03-26
2020-03-27,North Rhine-Westphalia,50.92,,,2020-03-27
2020-03-28,North Rhine-Westphalia,47.19,,,2020-03-28
2020-03-29,North Rhine-Westphalia,41.86,,,2020-03-29
2020-03-30,North Rhine-Westphalia,50.78,,,2020-03-30
2020-03-31,North Rhine-Westphalia,54.0,,,2020-03-31
2020-04-01,North Rhine-Westphalia,55.13,,,2020-04-01
2020-04-02,North Rhine-Westphalia,53.8,,,2020-04-02
2020-04-03,North Rhine-Westphalia,52.96,,,2020-04-03
2020-04-04,North Rhine-Westphalia,50.3,,,2020-04-04
2020-04-05,North Rhine-Westphalia,56.46,,,2020-04-05
2020-04-06,North Rhine-Westphalia,60.02,,,2020-04-06
2020-04-07,North Rhine-Westphalia,61.22,,,2020-04-07
2020-04-08,North Rhine-Westphalia,63.52,,,2020-04-08
2020-04-09,North Rhine-Westphalia,60.95,,,2020-04-09
2020-04-10,North Rhine-Westphalia,53.51,,,2020-04-10
2020-04-11,North Rhine-Westphalia,53.98,,,2020-04-11
2020-04-12,North Rhine-Westphalia,46.21,,,2020-04-12
2020-04-13,North Rhine-Westphalia,53.72,,,2020-04-13
2020-04-14,North Rhine-Westphalia,62.0,,,2020-04-14
2020-04-15,North Rhine-Westphalia,64.41,,,2020-04-15
2020-04-16,North Rhine-Westphalia,67.19,,,2020-04-16
2020-04-17,North Rhine-Westphalia,66.75,,,2020-04-17
2020-04-18,North Rhine-Westphalia,57.62,,,2020-04-18
2020-04-19,North Rhine-Westphalia,63.74,,,2020-04-19
2020-04-20,North Rhine-Westphalia,68.73,,,2020-04-20
2020-04-21,North Rhine-Westphalia,69.74,,,2020-04-21
2020-04-22,North Rhine-Westphalia,71.01,,,2020-04-22
2020-04-23,North Rhine-Westphalia,71.76,,,2020-04-23
2020-04-24,North Rhine-Westphalia,68.9,,,2020-04-24
2020-04-25,North Rhine-Westphalia,65.02,,,2020-04-25
2020-04-26,North Rhine-Westphalia,68.6,,,2020-04-26
2020-04-27,North Rhine-Westphalia,70.35,,,2020-04-27
2020-04-28,North Rhine-Westphalia,68.69,,,2020-04-28
2020-04-29,North Rhine-Westphalia,71.3,,,2020-04-29
2020-04-30,North Rhine-Westphalia,72.54,,,2020-04-30
2020-05-01,North Rhine-Westphalia,62.2,,,2020-05-01
2020-05-02,North Rhine-Westphalia,68.4,,,2020-05-02
2020-05-03,North Rhine-Westphalia,72.21,,,2020-05-03
2020-05-04,North Rhine-Westphalia,76.41,,,2020-05-04
2020-05-05,North Rhine-Westphalia,77.56,,,2020-05-05
2020-05-06,North Rhine-Westphalia,78.57,,,2020-05-06
2020-05-07,North Rhine-Westphalia,80.71,,,2020-05-07
2020-05-08,North Rhine-Westphalia,83.27,,,2020-05-08
2020-05-09,North Rhine-Westphalia,77.92,,,2020-05-09
2020-05-10,North Rhine-Westphalia,72.11,,,2020-05-10
2020-05-11,North Rhine-Westphalia,,,,2020-05-11
2020-05-12,North Rhine-Westphalia,,,,2020-05-12
2020-05-13,North Rhine-Westphalia,82.8,,,2020-05-13
2020-05-14,North Rhine-Westphalia,85.89,,,2020-05-14
2020-01-13,Rhineland-Palatinate,100.0,,,2020-01-13
2020-01-14,Rhineland-Palatinate,97.2,,,2020-01-14
2020-01-15,Rhineland-Palatinate,100.33,,,2020-01-15
2020-01-16,Rhineland-Palatinate,100.2,,,2020-01-16
2020-01-17,Rhineland-Palatinate,106.1,,,2020-01-17
2020-01-18,Rhineland-Palatinate,104.27,,,2020-01-18
2020-01-19,Rhineland-Palatinate,102.85,,,2020-01-19
2020-01-20,Rhineland-Palatinate,98.9,,,2020-01-20
2020-01-21,Rhineland-Palatinate,97.42,,,2020-01-21
2020-01-22,Rhineland-Palatinate,98.3,,,2020-01-22
2020-01-23,Rhineland-Palatinate,94.73,,,2020-01-23
2020-01-24,Rhineland-Palatinate,104.37,,,2020-01-24
2020-01-25,Rhineland-Palatinate,106.01,,,2020-01-25
2020-01-26,Rhineland-Palatinate,102.6,,,2020-01-26
2020-01-27,Rhineland-Palatinate,98.64,,,2020-01-27
2020-01-28,Rhineland-Palatinate,103.3,,,2020-01-28
2020-01-29,Rhineland-Palatinate,96.69,,,2020-01-29
2020-01-30,Rhineland-Palatinate,100.8,,,2020-01-30
2020-01-31,Rhineland-Palatinate,109.54,,,2020-01-31
2020-02-01,Rhineland-Palatinate,112.65,,,2020-02-01
2020-02-02,Rhineland-Palatinate,106.43,,,2020-02-02
2020-02-03,Rhineland-Palatinate,99.33,,,2020-02-03
2020-02-04,Rhineland-Palatinate,103.67,,,2020-02-04
2020-02-05,Rhineland-Palatinate,103.97,,,2020-02-05
2020-02-06,Rhineland-Palatinate,99.52,,,2020-02-06
2020-02-07,Rhineland-Palatinate,107.33,,,2020-02-07
2020-02-08,Rhineland-Palatinate,114.0,,,2020-02-08
2020-02-09,Rhineland-Palatinate,102.89,,,2020-02-09
2020-02-10,Rhineland-Palatinate,103.44,,,2020-02-10
2020-02-11,Rhineland-Palatinate,101.62,,,2020-02-11
2020-02-12,Rhineland-Palatinate,101.29,,,2020-02-12
2020-02-13,Rhineland-Palatinate,102.04,,,2020-02-13
2020-02-14,Rhineland-Palatinate,121.22,,,2020-02-14
2020-02-15,Rhineland-Palatinate,113.56,,,2020-02-15
2020-02-16,Rhineland-Palatinate,107.83,,,2020-02-16
2020-02-17,Rhineland-Palatinate,103.32,,,2020-02-17
2020-02-18,Rhineland-Palatinate,99.36,,,2020-02-18
2020-02-19,Rhineland-Palatinate,99.89,,,2020-02-19
2020-02-20,Rhineland-Palatinate,96.62,,,2020-02-20
2020-02-21,Rhineland-Palatinate,115.8,,,2020-02-21
2020-02-22,Rhineland-Palatinate,105.84,,,2020-02-22
2020-02-23,Rhineland-Palatinate,94.17,,,2020-02-23
2020-02-24,Rhineland-Palatinate,98.6,,,2020-02-24
2020-02-25,Rhineland-Palatinate,96.62,,,2020-02-25
2020-02-26,Rhineland-Palatinate,95.56,,,2020-02-26
2020-02-27,Rhineland-Palatinate,114.82,,,2020-02-27
2020-02-28,Rhineland-Palatinate,108.78,,,2020-02-28
2020-02-29,Rhineland-Palatinate,116.3,,,2020-02-29
2020-03-01,Rhineland-Palatinate,106.85,,,2020-03-01
2020-03-02,Rhineland-Palatinate,96.59,,,2020-03-02
2020-03-03,Rhineland-Palatinate,96.97,,,2020-03-03
2020-03-04,Rhineland-Palatinate,97.4,,,2020-03-04
2020-03-05,Rhineland-Palatinate,99.12,,,2020-03-05
2020-03-06,Rhineland-Palatinate,108.43,,,2020-03-06
2020-03-07,Rhineland-Palatinate,113.56,,,2020-03-07
2020-03-08,Rhineland-Palatinate,107.41,,,2020-03-08
2020-03-09,Rhineland-Palatinate,95.64,,,2020-03-09
2020-03-10,Rhineland-Palatinate,92.98,,,2020-03-10
2020-03-11,Rhineland-Palatinate,91.47,,,2020-03-11
2020-03-12,Rhineland-Palatinate,87.74,,,2020-03-12
2020-03-13,Rhineland-Palatinate,82.2,,,2020-03-13
2020-03-14,Rhineland-Palatinate,76.83,,,2020-03-14
2020-03-15,Rhineland-Palatinate,76.29,,,2020-03-15
2020-03-16,Rhineland-Palatinate,66.11,,,2020-03-16
2020-03-17,Rhineland-Palatinate,61.15,,,2020-03-17
2020-03-18,Rhineland-Palatinate,57.1,,,2020-03-18
2020-03-19,Rhineland-Palatinate,53.8,,,2020-03-19
2020-03-20,Rhineland-Palatinate,51.9,,,2020-03-20
2020-03-21,Rhineland-Palatinate,38.81,,,2020-03-21
2020-03-22,Rhineland-Palatinate,40.99,,,2020-03-22
2020-03-23,Rhineland-Palatinate,44.88,,,2020-03-23
2020-03-24,Rhineland-Palatinate,45.82,,,2020-03-24
2020-03-25,Rhineland-Palatinate,46.76,,,2020-03-25
2020-03-26,Rhineland-Palatinate,46.53,,,2020-03-26
2020-03-27,Rhineland-Palatinate,49.73,,,2020-03-27
2020-03-28,Rhineland-Palatinate,49.33,,,2020-03-28
2020-03-29,Rhineland-Palatinate,45.32,,,2020-03-29
2020-03-30,Rhineland-Palatinate,51.63,,,2020-03-30
2020-03-31,Rhineland-Palatinate,52.93,,,2020-03-31
2020-04-01,Rhineland-Palatinate,54.39,,,2020-04-01
2020-04-02,Rhineland-Palatinate,55.15,,,2020-04-02
2020-04-03,Rhineland-Palatinate,53.55,,,2020-04-03
2020-04-04,Rhineland-Palatinate,50.73,,,2020-04-04
2020-04-05,Rhineland-Palatinate,59.58,,,2020-04-05
2020-04-06,Rhineland-Palatinate,59.97,,,2020-04-06
2020-04-07,Rhineland-Palatinate,60.52,,,2020-04-07
2020-04-08,Rhineland-Palatinate,61.47,,,2020-04-08
2020-04-09,Rhineland-Palatinate,60.96,,,2020-04-09
2020-04-10,Rhineland-Palatinate,57.9,,,2020-04-10
2020-04-11,Rhineland-Palatinate,55.36,,,2020-04-11
2020-04-12,Rhineland-Palatinate,49.29,,,2020-04-12
2020-04-13,Rhineland-Palatinate,56.86,,,2020-04-13
2020-04-14,Rhineland-Palatinate,62.92,,,2020-04-14
2020-04-15,Rhineland-Palatinate,64.76,,,2020-04-15
2020-04-16,Rhineland-Palatinate,66.4,,,2020-04-16
2020-04-17,Rhineland-Palatinate,67.4,,,2020-04-17
2020-04-18,Rhineland-Palatinate,60.49,,,2020-04-18
2020-04-19,Rhineland-Palatinate,68.22,,,2020-04-19
2020-04-20,Rhineland-Palatinate,67.56,,,2020-04-20
2020-04-21,Rhineland-Palatinate,67.69,,,2020-04-21
2020-04-22,Rhineland-Palatinate,68.68,,,2020-04-22
2020-04-23,Rhineland-Palatinate,69.35,,,2020-04-23
2020-04-24,Rhineland-Palatinate,69.93,,,2020-04-24
2020-04-25,Rhineland-Palatinate,68.0,,,2020-04-25
2020-04-26,Rhineland-Palatinate,75.91,,,2020-04-26
2020-04-27,Rhineland-Palatinate,68.84,,,2020-04-27
2020-04-28,Rhineland-Palatinate,67.76,,,2020-04-28
2020-04-29,Rhineland-Palatinate,70.17,,,2020-04-29
2020-04-30,Rhineland-Palatinate,69.32,,,2020-04-30
2020-05-01,Rhineland-Palatinate,65.41,,,2020-05-01
2020-05-02,Rhineland-Palatinate,71.13,,,2020-05-02
2020-05-03,Rhineland-Palatinate,81.78,,,2020-05-03
2020-05-04,Rhineland-Palatinate,75.23,,,2020-05-04
2020-05-05,Rhineland-Palatinate,78.92,,,2020-05-05
2020-05-06,Rhineland-Palatinate,78.44,,,2020-05-06
2020-05-07,Rhineland-Palatinate,80.95,,,2020-05-07
2020-05-08,Rhineland-Palatinate,85.86,,,2020-05-08
2020-05-09,Rhineland-Palatinate,79.95,,,2020-05-09
2020-05-10,Rhineland-Palatinate,81.12,,,2020-05-10
2020-05-11,Rhineland-Palatinate,,,,2020-05-11
2020-05-12,Rhineland-Palatinate,,,,2020-05-12
2020-05-13,Rhineland-Palatinate,83.89,,,2020-05-13
2020-05-14,Rhineland-Palatinate,87.27,,,2020-05-14
2020-01-13,Saarland,100.0,,,2020-01-13
2020-01-14,Saarland,105.48,,,2020-01-14
2020-01-15,Saarland,102.86,,,2020-01-15
2020-01-16,Saarland,102.28,,,2020-01-16
2020-01-17,Saarland,113.54,,,2020-01-17
2020-01-18,Saarland,117.31,,,2020-01-18
2020-01-19,Saarland,104.57,,,2020-01-19
2020-01-20,Saarland,104.43,,,2020-01-20
2020-01-21,Saarland,102.75,,,2020-01-21
2020-01-22,Saarland,102.11,,,2020-01-22
2020-01-23,Saarland,101.14,,,2020-01-23
2020-01-24,Saarland,109.53,,,2020-01-24
2020-01-25,Saarland,117.97,,,2020-01-25
2020-01-26,Saarland,103.44,,,2020-01-26
2020-01-27,Saarland,105.11,,,2020-01-27
2020-01-28,Saarland,102.85,,,2020-01-28
2020-01-29,Saarland,106.85,,,2020-01-29
2020-01-30,Saarland,103.47,,,2020-01-30
2020-01-31,Saarland,115.54,,,2020-01-31
2020-02-01,Saarland,123.18,,,2020-02-01
2020-02-02,Saarland,109.99,,,2020-02-02
2020-02-03,Saarland,118.36,,,2020-02-03
2020-02-04,Saarland,135.26,,,2020-02-04
2020-02-05,Saarland,127.92,,,2020-02-05
2020-02-06,Saarland,105.09,,,2020-02-06
2020-02-07,Saarland,116.01,,,2020-02-07
2020-02-08,Saarland,118.75,,,2020-02-08
2020-02-09,Saarland,106.58,,,2020-02-09
2020-02-10,Saarland,107.44,,,2020-02-10
2020-02-11,Saarland,106.39,,,2020-02-11
2020-02-12,Saarland,108.96,,,2020-02-12
2020-02-13,Saarland,109.41,,,2020-02-13
2020-02-14,Saarland,124.62,,,2020-02-14
2020-02-15,Saarland,123.08,,,2020-02-15
2020-02-16,Saarland,110.46,,,2020-02-16
2020-02-17,Saarland,110.56,,,2020-02-17
2020-02-18,Saarland,108.84,,,2020-02-18
2020-02-19,Saarland,111.05,,,2020-02-19
2020-02-20,Saarland,106.67,,,2020-02-20
2020-02-21,Saarland,111.06,,,2020-02-21
2020-02-22,Saarland,113.45,,,2020-02-22
2020-02-23,Saarland,95.67,,,2020-02-23
2020-02-24,Saarland,101.31,,,2020-02-24
2020-02-25,Saarland,104.73,,,2020-02-25
2020-02-26,Saarland,99.88,,,2020-02-26
2020-02-27,Saarland,109.65,,,2020-02-27
2020-02-28,Saarland,112.15,,,2020-02-28
2020-02-29,Saarland,118.33,,,2020-02-29
2020-03-01,Saarland,106.39,,,2020-03-01
2020-03-02,Saarland,104.36,,,2020-03-02
2020-03-03,Saarland,109.41,,,2020-03-03
2020-03-04,Saarland,102.93,,,2020-03-04
2020-03-05,Saarland,105.27,,,2020-03-05
2020-03-06,Saarland,113.46,,,2020-03-06
2020-03-07,Saarland,120.16,,,2020-03-07
2020-03-08,Saarland,105.89,,,2020-03-08
2020-03-09,Saarland,102.99,,,2020-03-09
2020-03-10,Saarland,103.22,,,2020-03-10
2020-03-11,Saarland,99.39,,,2020-03-11
2020-03-12,Saarland,89.48,,,2020-03-12
2020-03-13,Saarland,85.02,,,2020-03-13
2020-03-14,Saarland,78.66,,,2020-03-14
2020-03-15,Saarland,75.39,,,2020-03-15
2020-03-16,Saarland,73.44,,,2020-03-16
2020-03-17,Saarland,67.01,,,2020-03-17
2020-03-18,Saarland,60.15,,,2020-03-18
2020-03-19,Saarland,59.31,,,2020-03-19
2020-03-20,Saarland,56.2,,,2020-03-20
2020-03-21,Saarland,34.84,,,2020-03-21
2020-03-22,Saarland,38.72,,,2020-03-22
2020-03-23,Saarland,46.15,,,2020-03-23
2020-03-24,Saarland,51.51,,,2020-03-24
2020-03-25,Saarland,50.18,,,2020-03-25
2020-03-26,Saarland,51.67,,,2020-03-26
2020-03-27,Saarland,53.52,,,2020-03-27
2020-03-28,Saarland,49.13,,,2020-03-28
2020-03-29,Saarland,47.22,,,2020-03-29
2020-03-30,Saarland,55.64,,,2020-03-30
2020-03-31,Saarland,57.84,,,2020-03-31
2020-04-01,Saarland,58.32,,,2020-04-01
2020-04-02,Saarland,59.2,,,2020-04-02
2020-04-03,Saarland,57.07,,,2020-04-03
2020-04-04,Saarland,50.0,,,2020-04-04
2020-04-05,Saarland,55.96,,,2020-04-05
2020-04-06,Saarland,63.42,,,2020-04-06
2020-04-07,Saarland,64.19,,,2020-04-07
2020-04-08,Saarland,68.24,,,2020-04-08
2020-04-09,Saarland,65.15,,,2020-04-09
2020-04-10,Saarland,55.44,,,2020-04-10
2020-04-11,Saarland,54.94,,,2020-04-11
2020-04-12,Saarland,46.66,,,2020-04-12
2020-04-13,Saarland,58.11,,,2020-04-13
2020-04-14,Saarland,69.51,,,2020-04-14
2020-04-15,Saarland,71.32,,,2020-04-15
2020-04-16,Saarland,68.8,,,2020-04-16
2020-04-17,Saarland,71.11,,,2020-04-17
2020-04-18,Saarland,62.65,,,2020-04-18
2020-04-19,Saarland,69.39,,,2020-04-19
2020-04-20,Saarland,78.11,,,2020-04-20
2020-04-21,Saarland,74.36,,,2020-04-21
2020-04-22,Saarland,77.51,,,2020-04-22
2020-04-23,Saarland,78.21,,,2020-04-23
2020-04-24,Saarland,74.34,,,2020-04-24
2020-04-25,Saarland,66.84,,,2020-04-25
2020-04-26,Saarland,72.99,,,2020-04-26
2020-04-27,Saarland,80.96,,,2020-04-27
2020-04-28,Saarland,75.35,,,2020-04-28
2020-04-29,Saarland,77.89,,,2020-04-29
2020-04-30,Saarland,74.69,,,2020-04-30
2020-05-01,Saarland,66.85,,,2020-05-01
2020-05-02,Saarland,75.64,,,2020-05-02
2020-05-03,Saarland,81.19,,,2020-05-03
2020-05-04,Saarland,88.77,,,2020-05-04
2020-05-05,Saarland,88.28,,,2020-05-05
2020-05-06,Saarland,89.93,,,2020-05-06
2020-05-07,Saarland,92.67,,,2020-05-07
2020-05-08,Saarland,94.32,,,2020-05-08
2020-05-09,Saarland,88.63,,,2020-05-09
2020-05-10,Saarland,87.41,,,2020-05-10
2020-05-11,Saarland,,,,2020-05-11
2020-05-12,Saarland,,,,2020-05-12
2020-05-13,Saarland,96.66,,,2020-05-13
2020-05-14,Saarland,95.84,,,2020-05-14
2020-01-13,Saxony,100.0,,,2020-01-13
2020-01-14,Saxony,99.74,,,2020-01-14
2020-01-15,Saxony,99.45,,,2020-01-15
2020-01-16,Saxony,105.55,,,2020-01-16
2020-01-17,Saxony,113.01,,,2020-01-17
2020-01-18,Saxony,114.56,,,2020-01-18
2020-01-19,Saxony,104.12,,,2020-01-19
2020-01-20,Saxony,97.04,,,2020-01-20
2020-01-21,Saxony,99.14,,,2020-01-21
2020-01-22,Saxony,98.64,,,2020-01-22
2020-01-23,Saxony,104.95,,,2020-01-23
2020-01-24,Saxony,112.22,,,2020-01-24
2020-01-25,Saxony,108.76,,,2020-01-25
2020-01-26,Saxony,101.24,,,2020-01-26
2020-01-27,Saxony,99.89,,,2020-01-27
2020-01-28,Saxony,97.9,,,2020-01-28
2020-01-29,Saxony,98.33,,,2020-01-29
2020-01-30,Saxony,99.54,,,2020-01-30
2020-01-31,Saxony,114.59,,,2020-01-31
2020-02-01,Saxony,116.16,,,2020-02-01
2020-02-02,Saxony,108.7,,,2020-02-02
2020-02-03,Saxony,105.49,,,2020-02-03
2020-02-04,Saxony,104.45,,,2020-02-04
2020-02-05,Saxony,99.88,,,2020-02-05
2020-02-06,Saxony,104.09,,,2020-02-06
2020-02-07,Saxony,120.03,,,2020-02-07
2020-02-08,Saxony,117.04,,,2020-02-08
2020-02-09,Saxony,102.54,,,2020-02-09
2020-02-10,Saxony,99.91,,,2020-02-10
2020-02-11,Saxony,101.75,,,2020-02-11
2020-02-12,Saxony,99.77,,,2020-02-12
2020-02-13,Saxony,101.75,,,2020-02-13
2020-02-14,Saxony,115.71,,,2020-02-14
2020-02-15,Saxony,116.64,,,2020-02-15
2020-02-16,Saxony,100.73,,,2020-02-16
2020-02-17,Saxony,103.34,,,2020-02-17
2020-02-18,Saxony,102.54,,,2020-02-18
2020-02-19,Saxony,100.6,,,2020-02-19
2020-02-20,Saxony,101.85,,,2020-02-20
2020-02-21,Saxony,107.68,,,2020-02-21
2020-02-22,Saxony,107.91,,,2020-02-22
2020-02-23,Saxony,101.16,,,2020-02-23
2020-02-24,Saxony,100.74,,,2020-02-24
2020-02-25,Saxony,104.85,,,2020-02-25
2020-02-26,Saxony,106.21,,,2020-02-26
2020-02-27,Saxony,106.71,,,2020-02-27
2020-02-28,Saxony,111.52,,,2020-02-28
2020-02-29,Saxony,110.08,,,2020-02-29
2020-03-01,Saxony,105.72,,,2020-03-01
2020-03-02,Saxony,103.14,,,2020-03-02
2020-03-03,Saxony,102.31,,,2020-03-03
2020-03-04,Saxony,101.51,,,2020-03-04
2020-03-05,Saxony,107.69,,,2020-03-05
2020-03-06,Saxony,123.47,,,2020-03-06
2020-03-07,Saxony,110.93,,,2020-03-07
2020-03-08,Saxony,105.15,,,2020-03-08
2020-03-09,Saxony,101.47,,,2020-03-09
2020-03-10,Saxony,110.25,,,2020-03-10
2020-03-11,Saxony,96.43,,,2020-03-11
2020-03-12,Saxony,90.53,,,2020-03-12
2020-03-13,Saxony,89.13,,,2020-03-13
2020-03-14,Saxony,77.99,,,2020-03-14
2020-03-15,Saxony,74.94,,,2020-03-15
2020-03-16,Saxony,72.48,,,2020-03-16
2020-03-17,Saxony,71.64,,,2020-03-17
2020-03-18,Saxony,70.26,,,2020-03-18
2020-03-19,Saxony,59.71,,,2020-03-19
2020-03-20,Saxony,50.32,,,2020-03-20
2020-03-21,Saxony,36.81,,,2020-03-21
2020-03-22,Saxony,39.51,,,2020-03-22
2020-03-23,Saxony,43.12,,,2020-03-23
2020-03-24,Saxony,43.15,,,2020-03-24
2020-03-25,Saxony,45.0,,,2020-03-25
2020-03-26,Saxony,47.62,,,2020-03-26
2020-03-27,Saxony,45.49,,,2020-03-27
2020-03-28,Saxony,37.7,,,2020-03-28
2020-03-29,Saxony,37.95,,,2020-03-29
2020-03-30,Saxony,48.76,,,2020-03-30
2020-03-31,Saxony,50.56,,,2020-03-31
2020-04-01,Saxony,51.29,,,2020-04-01
2020-04-02,Saxony,51.64,,,2020-04-02
2020-04-03,Saxony,46.19,,,2020-04-03
2020-04-04,Saxony,38.09,,,2020-04-04
2020-04-05,Saxony,47.55,,,2020-04-05
2020-04-06,Saxony,55.01,,,2020-04-06
2020-04-07,Saxony,61.59,,,2020-04-07
2020-04-08,Saxony,60.25,,,2020-04-08
2020-04-09,Saxony,56.11,,,2020-04-09
2020-04-10,Saxony,43.47,,,2020-04-10
2020-04-11,Saxony,41.12,,,2020-04-11
2020-04-12,Saxony,39.45,,,2020-04-12
2020-04-13,Saxony,47.24,,,2020-04-13
2020-04-14,Saxony,59.05,,,2020-04-14
2020-04-15,Saxony,59.96,,,2020-04-15
2020-04-16,Saxony,62.06,,,2020-04-16
2020-04-17,Saxony,58.3,,,2020-04-17
2020-04-18,Saxony,50.35,,,2020-04-18
2020-04-19,Saxony,59.45,,,2020-04-19
2020-04-20,Saxony,67.51,,,2020-04-20
2020-04-21,Saxony,68.26,,,2020-04-21
2020-04-22,Saxony,69.81,,,2020-04-22
2020-04-23,Saxony,72.42,,,2020-04-23
2020-04-24,Saxony,68.51,,,2020-04-24
2020-04-25,Saxony,56.46,,,2020-04-25
2020-04-26,Saxony,69.37,,,2020-04-26
2020-04-27,Saxony,73.3,,,2020-04-27
2020-04-28,Saxony,72.22,,,2020-04-28
2020-04-29,Saxony,74.6,,,2020-04-29
2020-04-30,Saxony,73.84,,,2020-04-30
2020-05-01,Saxony,66.94,,,2020-05-01
2020-05-02,Saxony,61.99,,,2020-05-02
2020-05-03,Saxony,73.69,,,2020-05-03
2020-05-04,Saxony,78.18,,,2020-05-04
2020-05-05,Saxony,80.42,,,2020-05-05
2020-05-06,Saxony,80.93,,,2020-05-06
2020-05-07,Saxony,84.83,,,2020-05-07
2020-05-08,Saxony,89.79,,,2020-05-08
2020-05-09,Saxony,78.5,,,2020-05-09
2020-05-10,Saxony,78.98,,,2020-05-10
2020-05-11,Saxony,,,,2020-05-11
2020-05-12,Saxony,,,,2020-05-12
2020-05-13,Saxony,90.62,,,2020-05-13
2020-05-14,Saxony,91.47,,,2020-05-14
2020-01-13,Saxony-Anhalt,100.0,,,2020-01-13
2020-01-14,Saxony-Anhalt,101.59,,,2020-01-14
2020-01-15,Saxony-Anhalt,99.36,,,2020-01-15
2020-01-16,Saxony-Anhalt,98.48,,,2020-01-16
2020-01-17,Saxony-Anhalt,118.83,,,2020-01-17
2020-01-18,Saxony-Anhalt,107.03,,,2020-01-18
2020-01-19,Saxony-Anhalt,108.35,,,2020-01-19
2020-01-20,Saxony-Anhalt,100.33,,,2020-01-20
2020-01-21,Saxony-Anhalt,102.34,,,2020-01-21
2020-01-22,Saxony-Anhalt,101.21,,,2020-01-22
2020-01-23,Saxony-Anhalt,99.71,,,2020-01-23
2020-01-24,Saxony-Anhalt,111.68,,,2020-01-24
2020-01-25,Saxony-Anhalt,107.48,,,2020-01-25
2020-01-26,Saxony-Anhalt,106.67,,,2020-01-26
2020-01-27,Saxony-Anhalt,100.68,,,2020-01-27
2020-01-28,Saxony-Anhalt,101.45,,,2020-01-28
2020-01-29,Saxony-Anhalt,102.25,,,2020-01-29
2020-01-30,Saxony-Anhalt,103.27,,,2020-01-30
2020-01-31,Saxony-Anhalt,143.72,,,2020-01-31
2020-02-01,Saxony-Anhalt,124.63,,,2020-02-01
2020-02-02,Saxony-Anhalt,115.33,,,2020-02-02
2020-02-03,Saxony-Anhalt,106.15,,,2020-02-03
2020-02-04,Saxony-Anhalt,108.29,,,2020-02-04
2020-02-05,Saxony-Anhalt,103.9,,,2020-02-05
2020-02-06,Saxony-Anhalt,105.41,,,2020-02-06
2020-02-07,Saxony-Anhalt,136.95,,,2020-02-07
2020-02-08,Saxony-Anhalt,129.83,,,2020-02-08
2020-02-09,Saxony-Anhalt,109.47,,,2020-02-09
2020-02-10,Saxony-Anhalt,107.49,,,2020-02-10
2020-02-11,Saxony-Anhalt,108.06,,,2020-02-11
2020-02-12,Saxony-Anhalt,104.25,,,2020-02-12
2020-02-13,Saxony-Anhalt,105.42,,,2020-02-13
2020-02-14,Saxony-Anhalt,124.59,,,2020-02-14
2020-02-15,Saxony-Anhalt,129.17,,,2020-02-15
2020-02-16,Saxony-Anhalt,111.27,,,2020-02-16
2020-02-17,Saxony-Anhalt,107.94,,,2020-02-17
2020-02-18,Saxony-Anhalt,108.38,,,2020-02-18
2020-02-19,Saxony-Anhalt,104.38,,,2020-02-19
2020-02-20,Saxony-Anhalt,113.34,,,2020-02-20
2020-02-21,Saxony-Anhalt,119.77,,,2020-02-21
2020-02-22,Saxony-Anhalt,116.42,,,2020-02-22
2020-02-23,Saxony-Anhalt,108.15,,,2020-02-23
2020-02-24,Saxony-Anhalt,104.52,,,2020-02-24
2020-02-25,Saxony-Anhalt,105.55,,,2020-02-25
2020-02-26,Saxony-Anhalt,105.92,,,2020-02-26
2020-02-27,Saxony-Anhalt,110.04,,,2020-02-27
2020-02-28,Saxony-Anhalt,118.82,,,2020-02-28
2020-02-29,Saxony-Anhalt,111.57,,,2020-02-29
2020-03-01,Saxony-Anhalt,109.96,,,2020-03-01
2020-03-02,Saxony-Anhalt,102.73,,,2020-03-02
2020-03-03,Saxony-Anhalt,116.43,,,2020-03-03
2020-03-04,Saxony-Anhalt,102.09,,,2020-03-04
2020-03-05,Saxony-Anhalt,105.46,,,2020-03-05
2020-03-06,Saxony-Anhalt,121.98,,,2020-03-06
2020-03-07,Saxony-Anhalt,112.53,,,2020-03-07
2020-03-08,Saxony-Anhalt,110.81,,,2020-03-08
2020-03-09,Saxony-Anhalt,102.74,,,2020-03-09
2020-03-10,Saxony-Anhalt,104.41,,,2020-03-10
2020-03-11,Saxony-Anhalt,95.51,,,2020-03-11
2020-03-12,Saxony-Anhalt,91.68,,,2020-03-12
2020-03-13,Saxony-Anhalt,95.04,,,2020-03-13
2020-03-14,Saxony-Anhalt,78.91,,,2020-03-14
2020-03-15,Saxony-Anhalt,79.32,,,2020-03-15
2020-03-16,Saxony-Anhalt,78.9,,,2020-03-16
2020-03-17,Saxony-Anhalt,70.71,,,2020-03-17
2020-03-18,Saxony-Anhalt,66.52,,,2020-03-18
2020-03-19,Saxony-Anhalt,61.2,,,2020-03-19
2020-03-20,Saxony-Anhalt,55.57,,,2020-03-20
2020-03-21,Saxony-Anhalt,41.76,,,2020-03-21
2020-03-22,Saxony-Anhalt,45.91,,,2020-03-22
2020-03-23,Saxony-Anhalt,50.79,,,2020-03-23
2020-03-24,Saxony-Anhalt,50.66,,,2020-03-24
2020-03-25,Saxony-Anhalt,52.24,,,2020-03-25
2020-03-26,Saxony-Anhalt,55.21,,,2020-03-26
2020-03-27,Saxony-Anhalt,52.39,,,2020-03-27
2020-03-28,Saxony-Anhalt,44.14,,,2020-03-28
2020-03-29,Saxony-Anhalt,45.71,,,2020-03-29
2020-03-30,Saxony-Anhalt,55.7,,,2020-03-30
2020-03-31,Saxony-Anhalt,60.61,,,2020-03-31
2020-04-01,Saxony-Anhalt,58.99,,,2020-04-01
2020-04-02,Saxony-Anhalt,57.71,,,2020-04-02
2020-04-03,Saxony-Anhalt,54.06,,,2020-04-03
2020-04-04,Saxony-Anhalt,44.77,,,2020-04-04
2020-04-05,Saxony-Anhalt,56.12,,,2020-04-05
2020-04-06,Saxony-Anhalt,62.7,,,2020-04-06
2020-04-07,Saxony-Anhalt,63.11,,,2020-04-07
2020-04-08,Saxony-Anhalt,65.12,,,2020-04-08
2020-04-09,Saxony-Anhalt,60.37,,,2020-04-09
2020-04-10,Saxony-Anhalt,49.39,,,2020-04-10
2020-04-11,Saxony-Anhalt,45.98,,,2020-04-11
2020-04-12,Saxony-Anhalt,42.93,,,2020-04-12
2020-04-13,Saxony-Anhalt,56.3,,,2020-04-13
2020-04-14,Saxony-Anhalt,64.96,,,2020-04-14
2020-04-15,Saxony-Anhalt,67.24,,,2020-04-15
2020-04-16,Saxony-Anhalt,68.01,,,2020-04-16
2020-04-17,Saxony-Anhalt,65.1,,,2020-04-17
2020-04-18,Saxony-Anhalt,53.8,,,2020-04-18
2020-04-19,Saxony-Anhalt,66.37,,,2020-04-19
2020-04-20,Saxony-Anhalt,71.49,,,2020-04-20
2020-04-21,Saxony-Anhalt,70.86,,,2020-04-21
2020-04-22,Saxony-Anhalt,73.78,,,2020-04-22
2020-04-23,Saxony-Anhalt,72.27,,,2020-04-23
2020-04-24,Saxony-Anhalt,70.22,,,2020-04-24
2020-04-25,Saxony-Anhalt,59.07,,,2020-04-25
2020-04-26,Saxony-Anhalt,73.57,,,2020-04-26
2020-04-27,Saxony-Anhalt,76.98,,,2020-04-27
2020-04-28,Saxony-Anhalt,78.76,,,2020-04-28
2020-04-29,Saxony-Anhalt,78.66,,,2020-04-29
2020-04-30,Saxony-Anhalt,76.05,,,2020-04-30
2020-05-01,Saxony-Anhalt,69.46,,,2020-05-01
2020-05-02,Saxony-Anhalt,65.61,,,2020-05-02
2020-05-03,Saxony-Anhalt,79.77,,,2020-05-03
2020-05-04,Saxony-Anhalt,84.77,,,2020-05-04
2020-05-05,Saxony-Anhalt,86.41,,,2020-05-05
2020-05-06,Saxony-Anhalt,87.41,,,2020-05-06
2020-05-07,Saxony-Anhalt,90.35,,,2020-05-07
2020-05-08,Saxony-Anhalt,93.71,,,2020-05-08
2020-05-09,Saxony-Anhalt,82.7,,,2020-05-09
2020-05-10,Saxony-Anhalt,87.2,,,2020-05-10
2020-05-11,Saxony-Anhalt,,,,2020-05-11
2020-05-12,Saxony-Anhalt,,,,2020-05-12
2020-05-13,Saxony-Anhalt,96.11,,,2020-05-13
2020-05-14,Saxony-Anhalt,99.74,,,2020-05-14
2020-01-13,Schleswig-Holstein,100.0,,,2020-01-13
2020-01-14,Schleswig-Holstein,102.57,,,2020-01-14
2020-01-15,Schleswig-Holstein,101.97,,,2020-01-15
2020-01-16,Schleswig-Holstein,102.64,,,2020-01-16
2020-01-17,Schleswig-Holstein,114.11,,,2020-01-17
2020-01-18,Schleswig-Holstein,111.42,,,2020-01-18
2020-01-19,Schleswig-Holstein,116.73,,,2020-01-19
2020-01-20,Schleswig-Holstein,99.84,,,2020-01-20
2020-01-21,Schleswig-Holstein,102.93,,,2020-01-21
2020-01-22,Schleswig-Holstein,100.86,,,2020-01-22
2020-01-23,Schleswig-Holstein,101.57,,,2020-01-23
2020-01-24,Schleswig-Holstein,112.66,,,2020-01-24
2020-01-25,Schleswig-Holstein,111.21,,,2020-01-25
2020-01-26,Schleswig-Holstein,110.61,,,2020-01-26
2020-01-27,Schleswig-Holstein,100.34,,,2020-01-27
2020-01-28,Schleswig-Holstein,102.79,,,2020-01-28
2020-01-29,Schleswig-Holstein,102.12,,,2020-01-29
2020-01-30,Schleswig-Holstein,106.48,,,2020-01-30
2020-01-31,Schleswig-Holstein,122.73,,,2020-01-31
2020-02-01,Schleswig-Holstein,119.3,,,2020-02-01
2020-02-02,Schleswig-Holstein,116.86,,,2020-02-02
2020-02-03,Schleswig-Holstein,108.77,,,2020-02-03
2020-02-04,Schleswig-Holstein,110.33,,,2020-02-04
2020-02-05,Schleswig-Holstein,104.83,,,2020-02-05
2020-02-06,Schleswig-Holstein,106.98,,,2020-02-06
2020-02-07,Schleswig-Holstein,126.27,,,2020-02-07
2020-02-08,Schleswig-Holstein,120.48,,,2020-02-08
2020-02-09,Schleswig-Holstein,110.12,,,2020-02-09
2020-02-10,Schleswig-Holstein,118.1,,,2020-02-10
2020-02-11,Schleswig-Holstein,117.07,,,2020-02-11
2020-02-12,Schleswig-Holstein,114.47,,,2020-02-12
2020-02-13,Schleswig-Holstein,116.16,,,2020-02-13
2020-02-14,Schleswig-Holstein,128.24,,,2020-02-14
2020-02-15,Schleswig-Holstein,127.5,,,2020-02-15
2020-02-16,Schleswig-Holstein,119.31,,,2020-02-16
2020-02-17,Schleswig-Holstein,107.67,,,2020-02-17
2020-02-18,Schleswig-Holstein,111.38,,,2020-02-18
2020-02-19,Schleswig-Holstein,114.86,,,2020-02-19
2020-02-20,Schleswig-Holstein,112.73,,,2020-02-20
2020-02-21,Schleswig-Holstein,128.39,,,2020-02-21
2020-02-22,Schleswig-Holstein,121.33,,,2020-02-22
2020-02-23,Schleswig-Holstein,118.15,,,2020-02-23
2020-02-24,Schleswig-Holstein,111.69,,,2020-02-24
2020-02-25,Schleswig-Holstein,111.93,,,2020-02-25
2020-02-26,Schleswig-Holstein,110.0,,,2020-02-26
2020-02-27,Schleswig-Holstein,111.67,,,2020-02-27
2020-02-28,Schleswig-Holstein,124.07,,,2020-02-28
2020-02-29,Schleswig-Holstein,117.44,,,2020-02-29
2020-03-01,Schleswig-Holstein,120.78,,,2020-03-01
2020-03-02,Schleswig-Holstein,106.6,,,2020-03-02
2020-03-03,Schleswig-Holstein,105.69,,,2020-03-03
2020-03-04,Schleswig-Holstein,107.59,,,2020-03-04
2020-03-05,Schleswig-Holstein,110.73,,,2020-03-05
2020-03-06,Schleswig-Holstein,122.3,,,2020-03-06
2020-03-07,Schleswig-Holstein,123.65,,,2020-03-07
2020-03-08,Schleswig-Holstein,117.99,,,2020-03-08
2020-03-09,Schleswig-Holstein,105.08,,,2020-03-09
2020-03-10,Schleswig-Holstein,104.6,,,2020-03-10
2020-03-11,Schleswig-Holstein,104.38,,,2020-03-11
2020-03-12,Schleswig-Holstein,94.02,,,2020-03-12
2020-03-13,Schleswig-Holstein,93.53,,,2020-03-13
2020-03-14,Schleswig-Holstein,87.73,,,2020-03-14
2020-03-15,Schleswig-Holstein,77.72,,,2020-03-15
2020-03-16,Schleswig-Holstein,72.46,,,2020-03-16
2020-03-17,Schleswig-Holstein,65.83,,,2020-03-17
2020-03-18,Schleswig-Holstein,61.1,,,2020-03-18
2020-03-19,Schleswig-Holstein,56.58,,,2020-03-19
2020-03-20,Schleswig-Holstein,53.17,,,2020-03-20
2020-03-21,Schleswig-Holstein,45.72,,,2020-03-21
2020-03-22,Schleswig-Holstein,46.92,,,2020-03-22
2020-03-23,Schleswig-Holstein,52.48,,,2020-03-23
2020-03-24,Schleswig-Holstein,51.45,,,2020-03-24
2020-03-25,Schleswig-Holstein,54.08,,,2020-03-25
2020-03-26,Schleswig-Holstein,56.12,,,2020-03-26
2020-03-27,Schleswig-Holstein,56.69,,,2020-03-27
2020-03-28,Schleswig-Holstein,52.51,,,2020-03-28
2020-03-29,Schleswig-Holstein,52.8,,,2020-03-29
2020-03-30,Schleswig-Holstein,58.3,,,2020-03-30
2020-03-31,Schleswig-Holstein,61.81,,,2020-03-31
2020-04-01,Schleswig-Holstein,60.04,,,2020-04-01
2020-04-02,Schleswig-Holstein,61.1,,,2020-04-02
2020-04-03,Schleswig-Holstein,58.91,,,2020-04-03
2020-04-04,Schleswig-Holstein,52.46,,,2020-04-04
2020-04-05,Schleswig-Holstein,62.86,,,2020-04-05
2020-04-06,Schleswig-Holstein,67.35,,,2020-04-06
2020-04-07,Schleswig-Holstein,66.89,,,2020-04-07
2020-04-08,Schleswig-Holstein,68.36,,,2020-04-08
2020-04-09,Schleswig-Holstein,64.65,,,2020-04-09
2020-04-10,Schleswig-Holstein,56.78,,,2020-04-10
2020-04-11,Schleswig-Holstein,55.94,,,2020-04-11
2020-04-12,Schleswig-Holstein,54.01,,,2020-04-12
2020-04-13,Schleswig-Holstein,64.39,,,2020-04-13
2020-04-14,Schleswig-Holstein,69.81,,,2020-04-14
2020-04-15,Schleswig-Holstein,71.42,,,2020-04-15
2020-04-16,Schleswig-Holstein,72.64,,,2020-04-16
2020-04-17,Schleswig-Holstein,72.54,,,2020-04-17
2020-04-18,Schleswig-Holstein,65.58,,,2020-04-18
2020-04-19,Schleswig-Holstein,75.17,,,2020-04-19
2020-04-20,Schleswig-Holstein,75.54,,,2020-04-20
2020-04-21,Schleswig-Holstein,76.32,,,2020-04-21
2020-04-22,Schleswig-Holstein,77.45,,,2020-04-22
2020-04-23,Schleswig-Holstein,77.96,,,2020-04-23
2020-04-24,Schleswig-Holstein,75.86,,,2020-04-24
2020-04-25,Schleswig-Holstein,71.17,,,2020-04-25
2020-04-26,Schleswig-Holstein,75.95,,,2020-04-26
2020-04-27,Schleswig-Holstein,77.88,,,2020-04-27
2020-04-28,Schleswig-Holstein,76.89,,,2020-04-28
2020-04-29,Schleswig-Holstein,77.78,,,2020-04-29
2020-04-30,Schleswig-Holstein,77.41,,,2020-04-30
2020-05-01,Schleswig-Holstein,71.7,,,2020-05-01
2020-05-02,Schleswig-Holstein,74.83,,,2020-05-02
2020-05-03,Schleswig-Holstein,85.21,,,2020-05-03
2020-05-04,Schleswig-Holstein,87.64,,,2020-05-04
2020-05-05,Schleswig-Holstein,96.67,,,2020-05-05
2020-05-06,Schleswig-Holstein,92.38,,,2020-05-06
2020-05-07,Schleswig-Holstein,94.19,,,2020-05-07
2020-05-08,Schleswig-Holstein,100.91,,,2020-05-08
2020-05-09,Schleswig-Holstein,104.64,,,2020-05-09
2020-05-10,Schleswig-Holstein,111.43,,,2020-05-10
2020-05-11,Schleswig-Holstein,,,,2020-05-11
2020-05-12,Schleswig-Holstein,,,,2020-05-12
2020-05-13,Schleswig-Holstein,95.08,,,2020-05-13
2020-05-14,Schleswig-Holstein,99.27,,,2020-05-14
2020-01-13,Bremen,100.0,,,2020-01-13
2020-01-14,Bremen,100.72,,,2020-01-14
2020-01-15,Bremen,100.46,,,2020-01-15
2020-01-16,Bremen,105.46,,,2020-01-16
2020-01-17,Bremen,134.06,,,2020-01-17
2020-01-18,Bremen,99.16,,,2020-01-18
2020-01-19,Bremen,87.99,,,2020-01-19
2020-01-20,Bremen,95.58,,,2020-01-20
2020-01-21,Bremen,104.16,,,2020-01-21
2020-01-22,Bremen,95.58,,,2020-01-22
2020-01-23,Bremen,107.35,,,2020-01-23
2020-01-24,Bremen,105.85,,,2020-01-24
2020-01-25,Bremen,97.69,,,2020-01-25
2020-01-26,Bremen,92.25,,,2020-01-26
2020-01-27,Bremen,95.11,,,2020-01-27
2020-01-28,Bremen,100.32,,,2020-01-28
2020-01-29,Bremen,97.58,,,2020-01-29
2020-01-30,Bremen,103.68,,,2020-01-30
2020-01-31,Bremen,118.79,,,2020-01-31
2020-02-01,Bremen,106.4,,,2020-02-01
2020-02-02,Bremen,92.55,,,2020-02-02
2020-02-03,Bremen,105.41,,,2020-02-03
2020-02-04,Bremen,136.38,,,2020-02-04
2020-02-05,Bremen,110.91,,,2020-02-05
2020-02-06,Bremen,105.38,,,2020-02-06
2020-02-07,Bremen,116.85,,,2020-02-07
2020-02-08,Bremen,112.85,,,2020-02-08
2020-02-09,Bremen,90.98,,,2020-02-09
2020-02-10,Bremen,106.12,,,2020-02-10
2020-02-11,Bremen,107.43,,,2020-02-11
2020-02-12,Bremen,104.9,,,2020-02-12
2020-02-13,Bremen,106.71,,,2020-02-13
2020-02-14,Bremen,116.26,,,2020-02-14
2020-02-15,Bremen,106.85,,,2020-02-15
2020-02-16,Bremen,92.65,,,2020-02-16
2020-02-17,Bremen,100.65,,,2020-02-17
2020-02-18,Bremen,106.04,,,2020-02-18
2020-02-19,Bremen,133.01,,,2020-02-19
2020-02-20,Bremen,111.82,,,2020-02-20
2020-02-21,Bremen,116.63,,,2020-02-21
2020-02-22,Bremen,109.32,,,2020-02-22
2020-02-23,Bremen,89.87,,,2020-02-23
2020-02-24,Bremen,106.18,,,2020-02-24
2020-02-25,Bremen,110.04,,,2020-02-25
2020-02-26,Bremen,107.94,,,2020-02-26
2020-02-27,Bremen,102.91,,,2020-02-27
2020-02-28,Bremen,117.15,,,2020-02-28
2020-02-29,Bremen,106.17,,,2020-02-29
2020-03-01,Bremen,96.25,,,2020-03-01
2020-03-02,Bremen,98.43,,,2020-03-02
2020-03-03,Bremen,106.16,,,2020-03-03
2020-03-04,Bremen,103.85,,,2020-03-04
2020-03-05,Bremen,106.97,,,2020-03-05
2020-03-06,Bremen,119.73,,,2020-03-06
2020-03-07,Bremen,103.08,,,2020-03-07
2020-03-08,Bremen,90.27,,,2020-03-08
2020-03-09,Bremen,96.36,,,2020-03-09
2020-03-10,Bremen,97.43,,,2020-03-10
2020-03-11,Bremen,94.43,,,2020-03-11
2020-03-12,Bremen,88.37,,,2020-03-12
2020-03-13,Bremen,85.11,,,2020-03-13
2020-03-14,Bremen,73.33,,,2020-03-14
2020-03-15,Bremen,62.25,,,2020-03-15
2020-03-16,Bremen,69.74,,,2020-03-16
2020-03-17,Bremen,67.15,,,2020-03-17
2020-03-18,Bremen,57.14,,,2020-03-18
2020-03-19,Bremen,54.01,,,2020-03-19
2020-03-20,Bremen,49.99,,,2020-03-20
2020-03-21,Bremen,40.06,,,2020-03-21
2020-03-22,Bremen,39.18,,,2020-03-22
2020-03-23,Bremen,49.15,,,2020-03-23
2020-03-24,Bremen,47.4,,,2020-03-24
2020-03-25,Bremen,47.49,,,2020-03-25
2020-03-26,Bremen,50.28,,,2020-03-26
2020-03-27,Bremen,51.82,,,2020-03-27
2020-03-28,Bremen,43.94,,,2020-03-28
2020-03-29,Bremen,41.3,,,2020-03-29
2020-03-30,Bremen,50.84,,,2020-03-30
2020-03-31,Bremen,54.81,,,2020-03-31
2020-04-01,Bremen,54.24,,,2020-04-01
2020-04-02,Bremen,55.88,,,2020-04-02
2020-04-03,Bremen,51.53,,,2020-04-03
2020-04-04,Bremen,45.13,,,2020-04-04
2020-04-05,Bremen,51.15,,,2020-04-05
2020-04-06,Bremen,59.77,,,2020-04-06
2020-04-07,Bremen,61.08,,,2020-04-07
2020-04-08,Bremen,60.43,,,2020-04-08
2020-04-09,Bremen,59.38,,,2020-04-09
2020-04-10,Bremen,46.69,,,2020-04-10
2020-04-11,Bremen,46.83,,,2020-04-11
2020-04-12,Bremen,40.34,,,2020-04-12
2020-04-13,Bremen,49.81,,,2020-04-13
2020-04-14,Bremen,60.16,,,2020-04-14
2020-04-15,Bremen,64.46,,,2020-04-15
2020-04-16,Bremen,63.28,,,2020-04-16
2020-04-17,Bremen,63.39,,,2020-04-17
2020-04-18,Bremen,54.29,,,2020-04-18
2020-04-19,Bremen,58.31,,,2020-04-19
2020-04-20,Bremen,66.27,,,2020-04-20
2020-04-21,Bremen,65.83,,,2020-04-21
2020-04-22,Bremen,66.94,,,2020-04-22
2020-04-23,Bremen,68.26,,,2020-04-23
2020-04-24,Bremen,62.78,,,2020-04-24
2020-04-25,Bremen,55.59,,,2020-04-25
2020-04-26,Bremen,57.72,,,2020-04-26
2020-04-27,Bremen,69.44,,,2020-04-27
2020-04-28,Bremen,70.13,,,2020-04-28
2020-04-29,Bremen,70.88,,,2020-04-29
2020-04-30,Bremen,69.9,,,2020-04-30
2020-05-01,Bremen,56.77,,,2020-05-01
2020-05-02,Bremen,61.73,,,2020-05-02
2020-05-03,Bremen,63.92,,,2020-05-03
2020-05-04,Bremen,74.7,,,2020-05-04
2020-05-05,Bremen,76.46,,,2020-05-05
2020-05-06,Bremen,76.32,,,2020-05-06
2020-05-07,Bremen,77.35,,,2020-05-07
2020-05-08,Bremen,78.78,,,2020-05-08
2020-05-09,Bremen,72.02,,,2020-05-09
2020-05-10,Bremen,72.11,,,2020-05-10
2020-05-11,Bremen,,,,2020-05-11
2020-05-12,Bremen,,,,2020-05-12
2020-05-13,Bremen,84.02,,,2020-05-13
2020-05-14,Bremen,87.83,,,2020-05-14
2020-01-13,Thuringia,100.0,,,2020-01-13
2020-01-14,Thuringia,100.94,,,2020-01-14
2020-01-15,Thuringia,103.92,,,2020-01-15
2020-01-16,Thuringia,103.86,,,2020-01-16
2020-01-17,Thuringia,116.26,,,2020-01-17
2020-01-18,Thuringia,112.75,,,2020-01-18
2020-01-19,Thuringia,114.53,,,2020-01-19
2020-01-20,Thuringia,103.13,,,2020-01-20
2020-01-21,Thuringia,101.89,,,2020-01-21
2020-01-22,Thuringia,101.31,,,2020-01-22
2020-01-23,Thuringia,105.52,,,2020-01-23
2020-01-24,Thuringia,111.99,,,2020-01-24
2020-01-25,Thuringia,109.19,,,2020-01-25
2020-01-26,Thuringia,112.08,,,2020-01-26
2020-01-27,Thuringia,103.86,,,2020-01-27
2020-01-28,Thuringia,105.02,,,2020-01-28
2020-01-29,Thuringia,104.81,,,2020-01-29
2020-01-30,Thuringia,103.86,,,2020-01-30
2020-01-31,Thuringia,121.5,,,2020-01-31
2020-02-01,Thuringia,117.22,,,2020-02-01
2020-02-02,Thuringia,121.39,,,2020-02-02
2020-02-03,Thuringia,108.51,,,2020-02-03
2020-02-04,Thuringia,109.36,,,2020-02-04
2020-02-05,Thuringia,105.47,,,2020-02-05
2020-02-06,Thuringia,109.31,,,2020-02-06
2020-02-07,Thuringia,131.45,,,2020-02-07
2020-02-08,Thuringia,127.83,,,2020-02-08
2020-02-09,Thuringia,119.58,,,2020-02-09
2020-02-10,Thuringia,108.15,,,2020-02-10
2020-02-11,Thuringia,105.96,,,2020-02-11
2020-02-12,Thuringia,108.54,,,2020-02-12
2020-02-13,Thuringia,111.93,,,2020-02-13
2020-02-14,Thuringia,128.47,,,2020-02-14
2020-02-15,Thuringia,124.02,,,2020-02-15
2020-02-16,Thuringia,120.12,,,2020-02-16
2020-02-17,Thuringia,109.44,,,2020-02-17
2020-02-18,Thuringia,110.95,,,2020-02-18
2020-02-19,Thuringia,112.67,,,2020-02-19
2020-02-20,Thuringia,110.25,,,2020-02-20
2020-02-21,Thuringia,118.8,,,2020-02-21
2020-02-22,Thuringia,112.7,,,2020-02-22
2020-02-23,Thuringia,111.62,,,2020-02-23
2020-02-24,Thuringia,109.85,,,2020-02-24
2020-02-25,Thuringia,107.66,,,2020-02-25
2020-02-26,Thuringia,109.04,,,2020-02-26
2020-02-27,Thuringia,110.6,,,2020-02-27
2020-02-28,Thuringia,117.12,,,2020-02-28
2020-02-29,Thuringia,114.59,,,2020-02-29
2020-03-01,Thuringia,119.34,,,2020-03-01
2020-03-02,Thuringia,106.56,,,2020-03-02
2020-03-03,Thuringia,103.02,,,2020-03-03
2020-03-04,Thuringia,107.99,,,2020-03-04
2020-03-05,Thuringia,105.86,,,2020-03-05
2020-03-06,Thuringia,118.51,,,2020-03-06
2020-03-07,Thuringia,116.76,,,2020-03-07
2020-03-08,Thuringia,117.34,,,2020-03-08
2020-03-09,Thuringia,102.98,,,2020-03-09
2020-03-10,Thuringia,102.58,,,2020-03-10
2020-03-11,Thuringia,98.81,,,2020-03-11
2020-03-12,Thuringia,91.35,,,2020-03-12
2020-03-13,Thuringia,88.28,,,2020-03-13
2020-03-14,Thuringia,77.31,,,2020-03-14
2020-03-15,Thuringia,81.95,,,2020-03-15
2020-03-16,Thuringia,69.28,,,2020-03-16
2020-03-17,Thuringia,66.2,,,2020-03-17
2020-03-18,Thuringia,64.92,,,2020-03-18
2020-03-19,Thuringia,61.88,,,2020-03-19
2020-03-20,Thuringia,57.53,,,2020-03-20
2020-03-21,Thuringia,41.97,,,2020-03-21
2020-03-22,Thuringia,46.75,,,2020-03-22
2020-03-23,Thuringia,52.71,,,2020-03-23
2020-03-24,Thuringia,55.33,,,2020-03-24
2020-03-25,Thuringia,53.04,,,2020-03-25
2020-03-26,Thuringia,56.34,,,2020-03-26
2020-03-27,Thuringia,57.52,,,2020-03-27
2020-03-28,Thuringia,47.73,,,2020-03-28
2020-03-29,Thuringia,48.97,,,2020-03-29
2020-03-30,Thuringia,58.21,,,2020-03-30
2020-03-31,Thuringia,60.56,,,2020-03-31
2020-04-01,Thuringia,60.49,,,2020-04-01
2020-04-02,Thuringia,59.15,,,2020-04-02
2020-04-03,Thuringia,58.3,,,2020-04-03
2020-04-04,Thuringia,50.37,,,2020-04-04
2020-04-05,Thuringia,63.59,,,2020-04-05
2020-04-06,Thuringia,67.14,,,2020-04-06
2020-04-07,Thuringia,67.3,,,2020-04-07
2020-04-08,Thuringia,68.18,,,2020-04-08
2020-04-09,Thuringia,62.73,,,2020-04-09
2020-04-10,Thuringia,56.39,,,2020-04-10
2020-04-11,Thuringia,53.41,,,2020-04-11
2020-04-12,Thuringia,52.54,,,2020-04-12
2020-04-13,Thuringia,62.18,,,2020-04-13
2020-04-14,Thuringia,69.66,,,2020-04-14
2020-04-15,Thuringia,70.47,,,2020-04-15
2020-04-16,Thuringia,76.57,,,2020-04-16
2020-04-17,Thuringia,72.86,,,2020-04-17
2020-04-18,Thuringia,62.19,,,2020-04-18
2020-04-19,Thuringia,74.78,,,2020-04-19
2020-04-20,Thuringia,72.27,,,2020-04-20
2020-04-21,Thuringia,71.79,,,2020-04-21
2020-04-22,Thuringia,75.14,,,2020-04-22
2020-04-23,Thuringia,74.17,,,2020-04-23
2020-04-24,Thuringia,73.71,,,2020-04-24
2020-04-25,Thuringia,66.13,,,2020-04-25
2020-04-26,Thuringia,81.51,,,2020-04-26
2020-04-27,Thuringia,77.9,,,2020-04-27
2020-04-28,Thuringia,75.98,,,2020-04-28
2020-04-29,Thuringia,79.49,,,2020-04-29
2020-04-30,Thuringia,79.51,,,2020-04-30
2020-05-01,Thuringia,74.9,,,2020-05-01
2020-05-02,Thuringia,72.09,,,2020-05-02
2020-05-03,Thuringia,88.28,,,2020-05-03
2020-05-04,Thuringia,82.07,,,2020-05-04
2020-05-05,Thuringia,85.09,,,2020-05-05
2020-05-06,Thuringia,85.94,,,2020-05-06
2020-05-07,Thuringia,93.34,,,2020-05-07
2020-05-08,Thuringia,93.33,,,2020-05-08
2020-05-09,Thuringia,82.95,,,2020-05-09
2020-05-10,Thuringia,92.25,,,2020-05-10
2020-05-11,Thuringia,,,,2020-05-11
2020-05-12,Thuringia,,,,2020-05-12
2020-05-13,Thuringia,94.66,,,2020-05-13
2020-05-14,Thuringia,96.05,,,2020-05-14
