,land,date,driving,walking,transit
17955,Baden-Wuerttemberg,2020-01-13,100.0,,
17956,Baden-Wuerttemberg,2020-01-14,100.97,,
17957,Baden-Wuerttemberg,2020-01-15,104.24,,
17958,Baden-Wuerttemberg,2020-01-16,107.7,,
17959,Baden-Wuerttemberg,2020-01-17,115.16,,
17960,Baden-Wuerttemberg,2020-01-18,111.46,,
17961,Baden-Wuerttemberg,2020-01-19,105.96,,
17962,Baden-Wuerttemberg,2020-01-20,101.23,,
17963,Baden-Wuerttemberg,2020-01-21,102.08,,
17964,Baden-Wuerttemberg,2020-01-22,103.52,,
17965,Baden-Wuerttemberg,2020-01-23,104.83,,
17966,Baden-Wuerttemberg,2020-01-24,118.76,,
17967,Baden-Wuerttemberg,2020-01-25,112.39,,
17968,Baden-Wuerttemberg,2020-01-26,104.92,,
17969,Baden-Wuerttemberg,2020-01-27,101.4,,
17970,Baden-Wuerttemberg,2020-01-28,107.6,,
17971,Baden-Wuerttemberg,2020-01-29,106.94,,
17972,Baden-Wuerttemberg,2020-01-30,111.88,,
17973,Baden-Wuerttemberg,2020-01-31,119.41,,
17974,Baden-Wuerttemberg,2020-02-01,114.68,,
17975,Baden-Wuerttemberg,2020-02-02,108.76,,
17976,Baden-Wuerttemberg,2020-02-03,106.5,,
17977,Baden-Wuerttemberg,2020-02-04,109.01,,
17978,Baden-Wuerttemberg,2020-02-05,112.19,,
17979,Baden-Wuerttemberg,2020-02-06,114.25,,
17980,Baden-Wuerttemberg,2020-02-07,122.18,,
17981,Baden-Wuerttemberg,2020-02-08,120.42,,
17982,Baden-Wuerttemberg,2020-02-09,117.91,,
17983,Baden-Wuerttemberg,2020-02-10,109.68,,
17984,Baden-Wuerttemberg,2020-02-11,111.83,,
17985,Baden-Wuerttemberg,2020-02-12,115.65,,
17986,Baden-Wuerttemberg,2020-02-13,114.32,,
17987,Baden-Wuerttemberg,2020-02-14,139.32,,
17988,Baden-Wuerttemberg,2020-02-15,138.27,,
17989,Baden-Wuerttemberg,2020-02-16,118.33,,
17990,Baden-Wuerttemberg,2020-02-17,112.12,,
17991,Baden-Wuerttemberg,2020-02-18,110.94,,
17992,Baden-Wuerttemberg,2020-02-19,113.62,,
17993,Baden-Wuerttemberg,2020-02-20,112.2,,
17994,Baden-Wuerttemberg,2020-02-21,137.06,,
17995,Baden-Wuerttemberg,2020-02-22,129.7,,
17996,Baden-Wuerttemberg,2020-02-23,103.09,,
17997,Baden-Wuerttemberg,2020-02-24,104.92,,
17998,Baden-Wuerttemberg,2020-02-25,104.36,,
17999,Baden-Wuerttemberg,2020-02-26,105.83,,
18000,Baden-Wuerttemberg,2020-02-27,112.11,,
18001,Baden-Wuerttemberg,2020-02-28,123.59,,
18002,Baden-Wuerttemberg,2020-02-29,123.83,,
18003,Baden-Wuerttemberg,2020-03-01,111.67,,
18004,Baden-Wuerttemberg,2020-03-02,102.64,,
18005,Baden-Wuerttemberg,2020-03-03,105.77,,
18006,Baden-Wuerttemberg,2020-03-04,105.2,,
18007,Baden-Wuerttemberg,2020-03-05,108.75,,
18008,Baden-Wuerttemberg,2020-03-06,119.53,,
18009,Baden-Wuerttemberg,2020-03-07,114.63,,
18010,Baden-Wuerttemberg,2020-03-08,109.06,,
18011,Baden-Wuerttemberg,2020-03-09,101.73,,
18012,Baden-Wuerttemberg,2020-03-10,100.67,,
18013,Baden-Wuerttemberg,2020-03-11,98.55,,
18014,Baden-Wuerttemberg,2020-03-12,89.67,,
18015,Baden-Wuerttemberg,2020-03-13,87.16,,
18016,Baden-Wuerttemberg,2020-03-14,76.33,,
18017,Baden-Wuerttemberg,2020-03-15,74.11,,
18018,Baden-Wuerttemberg,2020-03-16,68.28,,
18019,Baden-Wuerttemberg,2020-03-17,62.66,,
18020,Baden-Wuerttemberg,2020-03-18,57.83,,
18021,Baden-Wuerttemberg,2020-03-19,54.73,,
18022,Baden-Wuerttemberg,2020-03-20,50.54,,
18023,Baden-Wuerttemberg,2020-03-21,35.21,,
18024,Baden-Wuerttemberg,2020-03-22,37.72,,
18025,Baden-Wuerttemberg,2020-03-23,43.21,,
18026,Baden-Wuerttemberg,2020-03-24,43.39,,
18027,Baden-Wuerttemberg,2020-03-25,44.61,,
18028,Baden-Wuerttemberg,2020-03-26,45.25,,
18029,Baden-Wuerttemberg,2020-03-27,47.45,,
18030,Baden-Wuerttemberg,2020-03-28,45.83,,
18031,Baden-Wuerttemberg,2020-03-29,40.85,,
18032,Baden-Wuerttemberg,2020-03-30,48.97,,
18033,Baden-Wuerttemberg,2020-03-31,50.81,,
18034,Baden-Wuerttemberg,2020-04-01,51.56,,
18035,Baden-Wuerttemberg,2020-04-02,51.8,,
18036,Baden-Wuerttemberg,2020-04-03,51.31,,
18037,Baden-Wuerttemberg,2020-04-04,48.1,,
18038,Baden-Wuerttemberg,2020-04-05,55.2,,
18039,Baden-Wuerttemberg,2020-04-06,56.28,,
18040,Baden-Wuerttemberg,2020-04-07,58.62,,
18041,Baden-Wuerttemberg,2020-04-08,60.11,,
18042,Baden-Wuerttemberg,2020-04-09,58.26,,
18043,Baden-Wuerttemberg,2020-04-10,52.21,,
18044,Baden-Wuerttemberg,2020-04-11,51.87,,
18045,Baden-Wuerttemberg,2020-04-12,45.96,,
18046,Baden-Wuerttemberg,2020-04-13,56.37,,
18047,Baden-Wuerttemberg,2020-04-14,60.29,,
18048,Baden-Wuerttemberg,2020-04-15,61.26,,
18049,Baden-Wuerttemberg,2020-04-16,64.73,,
18050,Baden-Wuerttemberg,2020-04-17,63.72,,
18051,Baden-Wuerttemberg,2020-04-18,58.12,,
18052,Baden-Wuerttemberg,2020-04-19,64.79,,
18053,Baden-Wuerttemberg,2020-04-20,63.66,,
18054,Baden-Wuerttemberg,2020-04-21,65.45,,
18055,Baden-Wuerttemberg,2020-04-22,67.06,,
18056,Baden-Wuerttemberg,2020-04-23,66.86,,
18057,Baden-Wuerttemberg,2020-04-24,66.45,,
18058,Baden-Wuerttemberg,2020-04-25,62.51,,
18059,Baden-Wuerttemberg,2020-04-26,67.27,,
18060,Baden-Wuerttemberg,2020-04-27,65.65,,
18061,Baden-Wuerttemberg,2020-04-28,65.17,,
18062,Baden-Wuerttemberg,2020-04-29,67.67,,
18063,Baden-Wuerttemberg,2020-04-30,65.55,,
18064,Baden-Wuerttemberg,2020-05-01,60.81,,
18065,Baden-Wuerttemberg,2020-05-02,65.38,,
18066,Baden-Wuerttemberg,2020-05-03,74.89,,
18067,Baden-Wuerttemberg,2020-05-04,71.63,,
18068,Baden-Wuerttemberg,2020-05-05,71.93,,
18069,Baden-Wuerttemberg,2020-05-06,75.65,,
18070,Baden-Wuerttemberg,2020-05-07,78.94,,
18071,Baden-Wuerttemberg,2020-05-08,82.04,,
18072,Baden-Wuerttemberg,2020-05-09,75.53,,
18073,Baden-Wuerttemberg,2020-05-10,77.83,,
18074,Baden-Wuerttemberg,2020-05-13,79.57,,
18075,Baden-Wuerttemberg,2020-05-14,80.28,,
18076,Baden-Wuerttemberg,2020-05-15,87.48,,
18077,Baden-Wuerttemberg,2020-05-16,85.49,,
18078,Baden-Wuerttemberg,2020-05-17,90.9,,
18079,Baden-Wuerttemberg,2020-05-18,90.52,,
18080,Baden-Wuerttemberg,2020-05-19,93.2,,
18081,Baden-Wuerttemberg,2020-05-20,99.89,,
18082,Baden-Wuerttemberg,2020-05-21,101.77,,
18083,Baden-Wuerttemberg,2020-05-22,99.87,,
18084,Baden-Wuerttemberg,2020-05-23,87.41,,
18085,Baden-Wuerttemberg,2020-05-24,99.32,,
18086,Baden-Wuerttemberg,2020-05-25,95.77,,
18087,Baden-Wuerttemberg,2020-05-26,97.38,,
22876,Bavaria,2020-01-13,100.0,,
22877,Bavaria,2020-01-14,101.97,,
22878,Bavaria,2020-01-15,102.79,,
22879,Bavaria,2020-01-16,103.93,,
22880,Bavaria,2020-01-17,119.95,,
22881,Bavaria,2020-01-18,118.58,,
22882,Bavaria,2020-01-19,111.92,,
22883,Bavaria,2020-01-20,100.86,,
22884,Bavaria,2020-01-21,101.62,,
22885,Bavaria,2020-01-22,102.37,,
22886,Bavaria,2020-01-23,103.73,,
22887,Bavaria,2020-01-24,121.84,,
22888,Bavaria,2020-01-25,122.95,,
22889,Bavaria,2020-01-26,111.73,,
22890,Bavaria,2020-01-27,105.08,,
22891,Bavaria,2020-01-28,111.69,,
22892,Bavaria,2020-01-29,104.65,,
22893,Bavaria,2020-01-30,107.99,,
22894,Bavaria,2020-01-31,128.13,,
22895,Bavaria,2020-02-01,132.73,,
22896,Bavaria,2020-02-02,114.76,,
22897,Bavaria,2020-02-03,109.02,,
22898,Bavaria,2020-02-04,107.2,,
22899,Bavaria,2020-02-05,108.52,,
22900,Bavaria,2020-02-06,107.53,,
22901,Bavaria,2020-02-07,139.2,,
22902,Bavaria,2020-02-08,163.25,,
22903,Bavaria,2020-02-09,130.33,,
22904,Bavaria,2020-02-10,106.28,,
22905,Bavaria,2020-02-11,111.02,,
22906,Bavaria,2020-02-12,111.58,,
22907,Bavaria,2020-02-13,118.38,,
22908,Bavaria,2020-02-14,158.46,,
22909,Bavaria,2020-02-15,169.8,,
22910,Bavaria,2020-02-16,126.88,,
22911,Bavaria,2020-02-17,112.92,,
22912,Bavaria,2020-02-18,110.54,,
22913,Bavaria,2020-02-19,111.28,,
22914,Bavaria,2020-02-20,112.6,,
22915,Bavaria,2020-02-21,157.01,,
22916,Bavaria,2020-02-22,159.08,,
22917,Bavaria,2020-02-23,109.61,,
22918,Bavaria,2020-02-24,104.81,,
22919,Bavaria,2020-02-25,104.54,,
22920,Bavaria,2020-02-26,106.43,,
22921,Bavaria,2020-02-27,115.71,,
22922,Bavaria,2020-02-28,128.41,,
22923,Bavaria,2020-02-29,132.84,,
22924,Bavaria,2020-03-01,117.14,,
22925,Bavaria,2020-03-02,103.17,,
22926,Bavaria,2020-03-03,102.75,,
22927,Bavaria,2020-03-04,103.58,,
22928,Bavaria,2020-03-05,106.26,,
22929,Bavaria,2020-03-06,121.07,,
22930,Bavaria,2020-03-07,121.91,,
22931,Bavaria,2020-03-08,117.87,,
22932,Bavaria,2020-03-09,98.64,,
22933,Bavaria,2020-03-10,99.47,,
22934,Bavaria,2020-03-11,97.35,,
22935,Bavaria,2020-03-12,90.7,,
22936,Bavaria,2020-03-13,91.88,,
22937,Bavaria,2020-03-14,79.7,,
22938,Bavaria,2020-03-15,77.62,,
22939,Bavaria,2020-03-16,67.12,,
22940,Bavaria,2020-03-17,61.34,,
22941,Bavaria,2020-03-18,59.14,,
22942,Bavaria,2020-03-19,54.98,,
22943,Bavaria,2020-03-20,52.09,,
22944,Bavaria,2020-03-21,25.24,,
22945,Bavaria,2020-03-22,31.03,,
22946,Bavaria,2020-03-23,39.09,,
22947,Bavaria,2020-03-24,39.45,,
22948,Bavaria,2020-03-25,40.09,,
22949,Bavaria,2020-03-26,41.53,,
22950,Bavaria,2020-03-27,42.03,,
22951,Bavaria,2020-03-28,38.08,,
22952,Bavaria,2020-03-29,38.19,,
22953,Bavaria,2020-03-30,43.72,,
22954,Bavaria,2020-03-31,45.62,,
22955,Bavaria,2020-04-01,46.41,,
22956,Bavaria,2020-04-02,47.46,,
22957,Bavaria,2020-04-03,44.27,,
22958,Bavaria,2020-04-04,39.24,,
22959,Bavaria,2020-04-05,46.79,,
22960,Bavaria,2020-04-06,51.71,,
22961,Bavaria,2020-04-07,52.55,,
22962,Bavaria,2020-04-08,53.98,,
22963,Bavaria,2020-04-09,51.26,,
22964,Bavaria,2020-04-10,44.37,,
22965,Bavaria,2020-04-11,43.8,,
22966,Bavaria,2020-04-12,40.45,,
22967,Bavaria,2020-04-13,47.88,,
22968,Bavaria,2020-04-14,53.92,,
22969,Bavaria,2020-04-15,55.44,,
22970,Bavaria,2020-04-16,57.69,,
22971,Bavaria,2020-04-17,56.69,,
22972,Bavaria,2020-04-18,49.87,,
22973,Bavaria,2020-04-19,56.88,,
22974,Bavaria,2020-04-20,60.06,,
22975,Bavaria,2020-04-21,60.99,,
22976,Bavaria,2020-04-22,63.31,,
22977,Bavaria,2020-04-23,63.55,,
22978,Bavaria,2020-04-24,61.06,,
22979,Bavaria,2020-04-25,57.45,,
22980,Bavaria,2020-04-26,65.27,,
22981,Bavaria,2020-04-27,65.02,,
22982,Bavaria,2020-04-28,63.8,,
22983,Bavaria,2020-04-29,65.3,,
22984,Bavaria,2020-04-30,64.23,,
22985,Bavaria,2020-05-01,57.13,,
22986,Bavaria,2020-05-02,59.63,,
22987,Bavaria,2020-05-03,69.79,,
22988,Bavaria,2020-05-04,70.21,,
22989,Bavaria,2020-05-05,71.59,,
22990,Bavaria,2020-05-06,75.97,,
22991,Bavaria,2020-05-07,78.54,,
22992,Bavaria,2020-05-08,82.08,,
22993,Bavaria,2020-05-09,73.28,,
22994,Bavaria,2020-05-10,76.05,,
22995,Bavaria,2020-05-13,81.58,,
22996,Bavaria,2020-05-14,83.28,,
22997,Bavaria,2020-05-15,87.73,,
22998,Bavaria,2020-05-16,87.72,,
22999,Bavaria,2020-05-17,97.52,,
23000,Bavaria,2020-05-18,95.87,,
23001,Bavaria,2020-05-19,96.75,,
23002,Bavaria,2020-05-20,101.94,,
23003,Bavaria,2020-05-21,103.38,,
23004,Bavaria,2020-05-22,102.22,,
23005,Bavaria,2020-05-23,86.81,,
23006,Bavaria,2020-05-24,101.45,,
23007,Bavaria,2020-05-25,97.39,,
23008,Bavaria,2020-05-26,99.54,,
28063,Berlin,2020-01-13,100.0,100.0,100.0
28064,Berlin,2020-01-14,105.36,107.17,104.84
28065,Berlin,2020-01-15,107.04,111.6,104.32
28066,Berlin,2020-01-16,109.71,116.41,109.63
28067,Berlin,2020-01-17,116.27,134.55,119.85
28068,Berlin,2020-01-18,110.4,149.26,121.96
28069,Berlin,2020-01-19,98.89,99.5,100.37
28070,Berlin,2020-01-20,101.88,95.27,98.47
28071,Berlin,2020-01-21,103.34,101.05,101.49
28072,Berlin,2020-01-22,100.95,99.09,100.53
28073,Berlin,2020-01-23,102.77,106.89,105.14
28074,Berlin,2020-01-24,110.28,127.18,115.72
28075,Berlin,2020-01-25,106.29,134.96,120.86
28076,Berlin,2020-01-26,92.04,87.69,95.89
28077,Berlin,2020-01-27,103.97,98.24,99.29
28078,Berlin,2020-01-28,109.13,96.32,101.01
28079,Berlin,2020-01-29,102.16,97.17,98.79
28080,Berlin,2020-01-30,108.05,105.93,104.58
28081,Berlin,2020-01-31,120.15,134.49,116.97
28082,Berlin,2020-02-01,105.44,131.71,116.51
28083,Berlin,2020-02-02,93.07,92.85,101.18
28084,Berlin,2020-02-03,100.63,97.33,103.25
28085,Berlin,2020-02-04,100.7,98.23,103.06
28086,Berlin,2020-02-05,99.76,97.71,99.91
28087,Berlin,2020-02-06,100.91,100.65,102.05
28088,Berlin,2020-02-07,109.82,124.78,112.29
28089,Berlin,2020-02-08,108.3,144.6,117.4
28090,Berlin,2020-02-09,92.91,97.19,95.13
28091,Berlin,2020-02-10,101.56,98.04,103.37
28092,Berlin,2020-02-11,104.01,103.72,104.9
28093,Berlin,2020-02-12,105.26,110.9,107.04
28094,Berlin,2020-02-13,110.55,122.99,115.33
28095,Berlin,2020-02-14,123.98,150.48,125.41
28096,Berlin,2020-02-15,116.22,167.42,128.95
28097,Berlin,2020-02-16,98.32,106.55,105.08
28098,Berlin,2020-02-17,107.4,118.9,115.42
28099,Berlin,2020-02-18,108.75,118.43,113.66
28100,Berlin,2020-02-19,111.06,118.34,116.4
28101,Berlin,2020-02-20,113.46,129.47,120.85
28102,Berlin,2020-02-21,119.89,155.62,133.78
28103,Berlin,2020-02-22,115.21,169.47,136.3
28104,Berlin,2020-02-23,98.39,106.02,111.76
28105,Berlin,2020-02-24,108.68,126.17,117.28
28106,Berlin,2020-02-25,110.96,128.0,118.81
28107,Berlin,2020-02-26,107.15,111.35,112.76
28108,Berlin,2020-02-27,110.79,126.36,120.1
28109,Berlin,2020-02-28,116.54,147.36,128.94
28110,Berlin,2020-02-29,110.85,157.32,130.05
28111,Berlin,2020-03-01,97.64,105.68,108.14
28112,Berlin,2020-03-02,100.72,106.79,104.79
28113,Berlin,2020-03-03,104.31,100.12,100.77
28114,Berlin,2020-03-04,99.51,98.94,99.0
28115,Berlin,2020-03-05,103.42,107.85,101.77
28116,Berlin,2020-03-06,110.47,122.55,112.71
28117,Berlin,2020-03-07,106.0,137.77,118.9
28118,Berlin,2020-03-08,94.93,99.11,96.27
28119,Berlin,2020-03-09,97.52,97.33,94.35
28120,Berlin,2020-03-10,96.65,86.73,90.74
28121,Berlin,2020-03-11,94.53,96.43,87.2
28122,Berlin,2020-03-12,89.6,85.72,80.36
28123,Berlin,2020-03-13,83.87,83.72,72.41
28124,Berlin,2020-03-14,75.05,89.4,66.06
28125,Berlin,2020-03-15,64.53,60.87,49.47
28126,Berlin,2020-03-16,70.44,60.39,47.0
28127,Berlin,2020-03-17,64.33,51.35,40.55
28128,Berlin,2020-03-18,61.48,49.84,37.04
28129,Berlin,2020-03-19,54.14,38.72,29.56
28130,Berlin,2020-03-20,47.77,33.53,24.92
28131,Berlin,2020-03-21,39.78,33.29,21.68
28132,Berlin,2020-03-22,39.65,33.19,21.06
28133,Berlin,2020-03-23,42.73,31.1,21.72
28134,Berlin,2020-03-24,43.27,32.98,21.28
28135,Berlin,2020-03-25,43.73,31.89,21.65
28136,Berlin,2020-03-26,45.51,35.8,21.35
28137,Berlin,2020-03-27,46.58,38.27,21.89
28138,Berlin,2020-03-28,43.64,43.8,20.87
28139,Berlin,2020-03-29,35.17,21.18,19.33
28140,Berlin,2020-03-30,44.38,27.02,22.03
28141,Berlin,2020-03-31,47.67,31.74,24.39
28142,Berlin,2020-04-01,48.71,34.7,22.88
28143,Berlin,2020-04-02,49.06,34.15,23.02
28144,Berlin,2020-04-03,46.72,33.84,21.69
28145,Berlin,2020-04-04,43.35,42.15,21.73
28146,Berlin,2020-04-05,50.19,50.01,23.86
28147,Berlin,2020-04-06,56.9,46.89,27.69
28148,Berlin,2020-04-07,58.36,47.76,27.25
28149,Berlin,2020-04-08,59.2,48.57,26.52
28150,Berlin,2020-04-09,54.24,43.16,25.09
28151,Berlin,2020-04-10,45.64,47.78,24.77
28152,Berlin,2020-04-11,46.55,44.67,22.44
28153,Berlin,2020-04-12,45.58,52.02,22.81
28154,Berlin,2020-04-13,45.94,34.1,23.55
28155,Berlin,2020-04-14,57.87,39.0,28.44
28156,Berlin,2020-04-15,59.18,42.74,28.85
28157,Berlin,2020-04-16,62.32,48.81,30.67
28158,Berlin,2020-04-17,59.52,48.22,28.88
28159,Berlin,2020-04-18,54.9,54.9,28.23
28160,Berlin,2020-04-19,57.02,51.28,29.19
28161,Berlin,2020-04-20,63.24,46.46,32.29
28162,Berlin,2020-04-21,66.42,47.87,30.87
28163,Berlin,2020-04-22,68.16,51.26,32.97
28164,Berlin,2020-04-23,70.84,54.12,33.58
28165,Berlin,2020-04-24,64.87,49.04,31.23
28166,Berlin,2020-04-25,56.7,48.86,29.66
28167,Berlin,2020-04-26,61.7,53.03,31.62
28168,Berlin,2020-04-27,71.57,53.29,34.74
28169,Berlin,2020-04-28,70.4,50.52,33.3
28170,Berlin,2020-04-29,68.64,43.57,32.49
28171,Berlin,2020-04-30,68.5,44.65,32.82
28172,Berlin,2020-05-01,58.36,50.61,33.42
28173,Berlin,2020-05-02,56.94,42.61,32.48
28174,Berlin,2020-05-03,63.03,50.12,35.49
28175,Berlin,2020-05-04,72.07,46.65,39.31
28176,Berlin,2020-05-05,73.32,47.84,38.98
28177,Berlin,2020-05-06,76.81,56.1,39.99
28178,Berlin,2020-05-07,76.73,54.65,40.31
28179,Berlin,2020-05-08,73.87,64.85,41.59
28180,Berlin,2020-05-09,74.45,70.92,42.68
28181,Berlin,2020-05-10,74.77,50.67,38.82
28182,Berlin,2020-05-13,80.57,53.7,44.67
28183,Berlin,2020-05-14,86.61,55.6,46.09
28184,Berlin,2020-05-15,87.58,61.89,47.54
28185,Berlin,2020-05-16,76.65,61.48,45.87
28186,Berlin,2020-05-17,79.23,60.95,45.32
28187,Berlin,2020-05-18,87.3,58.2,49.41
28188,Berlin,2020-05-19,89.47,62.96,51.29
28189,Berlin,2020-05-20,97.14,67.39,52.19
28190,Berlin,2020-05-21,86.2,74.98,51.08
28191,Berlin,2020-05-22,84.32,67.4,50.02
28192,Berlin,2020-05-23,74.76,61.63,46.06
28193,Berlin,2020-05-24,73.84,43.29,43.41
28194,Berlin,2020-05-25,91.98,57.29,53.28
28195,Berlin,2020-05-26,96.21,71.07,56.72
35112,Brandenburg,2020-01-13,100.0,,
35113,Brandenburg,2020-01-14,99.48,,
35114,Brandenburg,2020-01-15,98.34,,
35115,Brandenburg,2020-01-16,103.82,,
35116,Brandenburg,2020-01-17,113.46,,
35117,Brandenburg,2020-01-18,105.06,,
35118,Brandenburg,2020-01-19,113.24,,
35119,Brandenburg,2020-01-20,102.79,,
35120,Brandenburg,2020-01-21,101.74,,
35121,Brandenburg,2020-01-22,98.66,,
35122,Brandenburg,2020-01-23,99.35,,
35123,Brandenburg,2020-01-24,106.63,,
35124,Brandenburg,2020-01-25,101.63,,
35125,Brandenburg,2020-01-26,105.98,,
35126,Brandenburg,2020-01-27,104.82,,
35127,Brandenburg,2020-01-28,103.58,,
35128,Brandenburg,2020-01-29,99.99,,
35129,Brandenburg,2020-01-30,104.41,,
35130,Brandenburg,2020-01-31,127.47,,
35131,Brandenburg,2020-02-01,106.45,,
35132,Brandenburg,2020-02-02,105.51,,
35133,Brandenburg,2020-02-03,100.08,,
35134,Brandenburg,2020-02-04,100.25,,
35135,Brandenburg,2020-02-05,98.28,,
35136,Brandenburg,2020-02-06,99.21,,
35137,Brandenburg,2020-02-07,113.89,,
35138,Brandenburg,2020-02-08,113.78,,
35139,Brandenburg,2020-02-09,109.3,,
35140,Brandenburg,2020-02-10,103.86,,
35141,Brandenburg,2020-02-11,103.46,,
35142,Brandenburg,2020-02-12,102.77,,
35143,Brandenburg,2020-02-13,106.58,,
35144,Brandenburg,2020-02-14,119.87,,
35145,Brandenburg,2020-02-15,116.45,,
35146,Brandenburg,2020-02-16,112.85,,
35147,Brandenburg,2020-02-17,109.12,,
35148,Brandenburg,2020-02-18,106.55,,
35149,Brandenburg,2020-02-19,105.13,,
35150,Brandenburg,2020-02-20,105.37,,
35151,Brandenburg,2020-02-21,113.96,,
35152,Brandenburg,2020-02-22,108.49,,
35153,Brandenburg,2020-02-23,110.0,,
35154,Brandenburg,2020-02-24,104.45,,
35155,Brandenburg,2020-02-25,106.66,,
35156,Brandenburg,2020-02-26,100.85,,
35157,Brandenburg,2020-02-27,102.97,,
35158,Brandenburg,2020-02-28,112.61,,
35159,Brandenburg,2020-02-29,106.68,,
35160,Brandenburg,2020-03-01,113.15,,
35161,Brandenburg,2020-03-02,101.47,,
35162,Brandenburg,2020-03-03,102.09,,
35163,Brandenburg,2020-03-04,99.33,,
35164,Brandenburg,2020-03-05,101.64,,
35165,Brandenburg,2020-03-06,111.8,,
35166,Brandenburg,2020-03-07,105.32,,
35167,Brandenburg,2020-03-08,109.6,,
35168,Brandenburg,2020-03-09,100.67,,
35169,Brandenburg,2020-03-10,100.05,,
35170,Brandenburg,2020-03-11,96.07,,
35171,Brandenburg,2020-03-12,92.04,,
35172,Brandenburg,2020-03-13,88.34,,
35173,Brandenburg,2020-03-14,86.33,,
35174,Brandenburg,2020-03-15,83.92,,
35175,Brandenburg,2020-03-16,77.16,,
35176,Brandenburg,2020-03-17,76.47,,
35177,Brandenburg,2020-03-18,76.22,,
35178,Brandenburg,2020-03-19,67.37,,
35179,Brandenburg,2020-03-20,54.25,,
35180,Brandenburg,2020-03-21,46.79,,
35181,Brandenburg,2020-03-22,51.98,,
35182,Brandenburg,2020-03-23,50.73,,
35183,Brandenburg,2020-03-24,51.7,,
35184,Brandenburg,2020-03-25,51.81,,
35185,Brandenburg,2020-03-26,55.24,,
35186,Brandenburg,2020-03-27,52.94,,
35187,Brandenburg,2020-03-28,52.71,,
35188,Brandenburg,2020-03-29,45.67,,
35189,Brandenburg,2020-03-30,53.28,,
35190,Brandenburg,2020-03-31,55.82,,
35191,Brandenburg,2020-04-01,56.61,,
35192,Brandenburg,2020-04-02,56.39,,
35193,Brandenburg,2020-04-03,52.97,,
35194,Brandenburg,2020-04-04,48.97,,
35195,Brandenburg,2020-04-05,63.12,,
35196,Brandenburg,2020-04-06,67.13,,
35197,Brandenburg,2020-04-07,68.33,,
35198,Brandenburg,2020-04-08,69.85,,
35199,Brandenburg,2020-04-09,61.32,,
35200,Brandenburg,2020-04-10,53.7,,
35201,Brandenburg,2020-04-11,53.5,,
35202,Brandenburg,2020-04-12,57.42,,
35203,Brandenburg,2020-04-13,60.52,,
35204,Brandenburg,2020-04-14,68.19,,
35205,Brandenburg,2020-04-15,69.22,,
35206,Brandenburg,2020-04-16,71.49,,
35207,Brandenburg,2020-04-17,67.25,,
35208,Brandenburg,2020-04-18,64.83,,
35209,Brandenburg,2020-04-19,74.61,,
35210,Brandenburg,2020-04-20,69.61,,
35211,Brandenburg,2020-04-21,73.55,,
35212,Brandenburg,2020-04-22,76.27,,
35213,Brandenburg,2020-04-23,78.5,,
35214,Brandenburg,2020-04-24,72.9,,
35215,Brandenburg,2020-04-25,68.3,,
35216,Brandenburg,2020-04-26,82.95,,
35217,Brandenburg,2020-04-27,80.18,,
35218,Brandenburg,2020-04-28,80.05,,
35219,Brandenburg,2020-04-29,77.42,,
35220,Brandenburg,2020-04-30,76.17,,
35221,Brandenburg,2020-05-01,72.63,,
35222,Brandenburg,2020-05-02,67.93,,
35223,Brandenburg,2020-05-03,86.17,,
35224,Brandenburg,2020-05-04,83.0,,
35225,Brandenburg,2020-05-05,83.53,,
35226,Brandenburg,2020-05-06,87.41,,
35227,Brandenburg,2020-05-07,88.3,,
35228,Brandenburg,2020-05-08,112.46,,
35229,Brandenburg,2020-05-09,93.48,,
35230,Brandenburg,2020-05-10,103.0,,
35231,Brandenburg,2020-05-13,91.56,,
35232,Brandenburg,2020-05-14,97.08,,
35233,Brandenburg,2020-05-15,100.87,,
35234,Brandenburg,2020-05-16,94.68,,
35235,Brandenburg,2020-05-17,114.72,,
35236,Brandenburg,2020-05-18,105.71,,
35237,Brandenburg,2020-05-19,106.86,,
35238,Brandenburg,2020-05-20,129.25,,
35239,Brandenburg,2020-05-21,135.51,,
35240,Brandenburg,2020-05-22,116.14,,
35241,Brandenburg,2020-05-23,104.12,,
35242,Brandenburg,2020-05-24,120.81,,
35243,Brandenburg,2020-05-25,120.45,,
35244,Brandenburg,2020-05-26,113.46,,
35910,Bremen,2020-01-13,100.0,100.0,
35911,Bremen,2020-01-14,101.19,88.14,
35912,Bremen,2020-01-15,99.53,90.21,
35913,Bremen,2020-01-16,105.02,97.26,
35914,Bremen,2020-01-17,135.2,124.81,
35915,Bremen,2020-01-18,99.12,125.43,
35916,Bremen,2020-01-19,85.96,80.12,
35917,Bremen,2020-01-20,94.18,86.28,
35918,Bremen,2020-01-21,104.68,88.07,
35919,Bremen,2020-01-22,95.74,88.97,
35920,Bremen,2020-01-23,108.12,97.78,
35921,Bremen,2020-01-24,106.06,105.28,
35922,Bremen,2020-01-25,96.62,119.96,
35923,Bremen,2020-01-26,90.81,87.3,
35924,Bremen,2020-01-27,94.32,90.9,
35925,Bremen,2020-01-28,100.45,83.22,
35926,Bremen,2020-01-29,97.06,84.04,
35927,Bremen,2020-01-30,103.32,92.95,
35928,Bremen,2020-01-31,119.2,114.79,
35929,Bremen,2020-02-01,106.51,130.16,
35930,Bremen,2020-02-02,90.21,80.91,
35931,Bremen,2020-02-03,105.58,100.41,
35932,Bremen,2020-02-04,139.03,148.54,
35933,Bremen,2020-02-05,112.19,100.36,
35934,Bremen,2020-02-06,105.07,94.23,
35935,Bremen,2020-02-07,117.5,129.58,
35936,Bremen,2020-02-08,113.41,176.04,
35937,Bremen,2020-02-09,89.73,74.74,
35938,Bremen,2020-02-10,105.69,80.55,
35939,Bremen,2020-02-11,107.32,87.22,
35940,Bremen,2020-02-12,105.1,89.21,
35941,Bremen,2020-02-13,106.13,92.37,
35942,Bremen,2020-02-14,116.36,122.12,
35943,Bremen,2020-02-15,107.12,156.04,
35944,Bremen,2020-02-16,90.67,79.03,
35945,Bremen,2020-02-17,100.28,94.29,
35946,Bremen,2020-02-18,104.96,111.18,
35947,Bremen,2020-02-19,138.02,102.24,
35948,Bremen,2020-02-20,110.64,99.02,
35949,Bremen,2020-02-21,116.94,119.02,
35950,Bremen,2020-02-22,108.55,160.4,
35951,Bremen,2020-02-23,88.05,72.0,
35952,Bremen,2020-02-24,105.74,79.23,
35953,Bremen,2020-02-25,109.99,99.44,
35954,Bremen,2020-02-26,108.48,103.18,
35955,Bremen,2020-02-27,102.61,95.28,
35956,Bremen,2020-02-28,116.93,113.42,
35957,Bremen,2020-02-29,106.53,134.28,
35958,Bremen,2020-03-01,94.26,87.52,
35959,Bremen,2020-03-02,97.81,87.95,
35960,Bremen,2020-03-03,105.9,91.45,
35961,Bremen,2020-03-04,103.09,92.69,
35962,Bremen,2020-03-05,105.56,90.02,
35963,Bremen,2020-03-06,119.9,102.95,
35964,Bremen,2020-03-07,103.62,130.73,
35965,Bremen,2020-03-08,87.83,71.45,
35966,Bremen,2020-03-09,95.02,84.31,
35967,Bremen,2020-03-10,96.03,78.14,
35968,Bremen,2020-03-11,94.05,95.08,
35969,Bremen,2020-03-12,87.51,82.58,
35970,Bremen,2020-03-13,84.8,75.19,
35971,Bremen,2020-03-14,72.39,87.16,
35972,Bremen,2020-03-15,60.14,57.58,
35973,Bremen,2020-03-16,68.88,64.93,
35974,Bremen,2020-03-17,66.14,62.11,
35975,Bremen,2020-03-18,56.24,55.82,
35976,Bremen,2020-03-19,53.08,42.15,
35977,Bremen,2020-03-20,49.16,41.53,
35978,Bremen,2020-03-21,38.46,38.36,
35979,Bremen,2020-03-22,38.24,36.57,
35980,Bremen,2020-03-23,47.44,39.75,
35981,Bremen,2020-03-24,46.35,42.23,
35982,Bremen,2020-03-25,46.22,43.58,
35983,Bremen,2020-03-26,49.05,42.92,
35984,Bremen,2020-03-27,50.44,48.98,
35985,Bremen,2020-03-28,42.68,44.37,
35986,Bremen,2020-03-29,39.57,33.34,
35987,Bremen,2020-03-30,49.59,38.04,
35988,Bremen,2020-03-31,52.21,45.05,
35989,Bremen,2020-04-01,52.12,45.07,
35990,Bremen,2020-04-02,55.02,44.35,
35991,Bremen,2020-04-03,50.27,45.95,
35992,Bremen,2020-04-04,43.38,48.32,
35993,Bremen,2020-04-05,49.69,59.37,
35994,Bremen,2020-04-06,58.11,61.64,
35995,Bremen,2020-04-07,59.11,61.87,
35996,Bremen,2020-04-08,58.81,66.1,
35997,Bremen,2020-04-09,57.85,61.81,
35998,Bremen,2020-04-10,45.47,58.39,
35999,Bremen,2020-04-11,45.04,52.85,
36000,Bremen,2020-04-12,39.1,49.95,
36001,Bremen,2020-04-13,47.29,38.92,
36002,Bremen,2020-04-14,58.1,50.27,
36003,Bremen,2020-04-15,62.85,58.43,
36004,Bremen,2020-04-16,61.61,61.25,
36005,Bremen,2020-04-17,62.45,61.15,
36006,Bremen,2020-04-18,52.71,61.68,
36007,Bremen,2020-04-19,56.88,63.52,
36008,Bremen,2020-04-20,64.32,66.13,
36009,Bremen,2020-04-21,64.16,64.65,
36010,Bremen,2020-04-22,64.88,63.9,
36011,Bremen,2020-04-23,64.27,67.13,
36012,Bremen,2020-04-24,61.38,65.44,
36013,Bremen,2020-04-25,54.23,58.9,
36014,Bremen,2020-04-26,56.23,57.04,
36015,Bremen,2020-04-27,67.82,66.85,
36016,Bremen,2020-04-28,69.13,52.81,
36017,Bremen,2020-04-29,69.55,52.94,
36018,Bremen,2020-04-30,68.72,55.12,
36019,Bremen,2020-05-01,54.88,45.84,
36020,Bremen,2020-05-02,60.75,49.07,
36021,Bremen,2020-05-03,61.27,57.66,
36022,Bremen,2020-05-04,73.59,61.98,
36023,Bremen,2020-05-05,75.59,64.74,
36024,Bremen,2020-05-06,74.76,67.86,
36025,Bremen,2020-05-07,74.79,65.4,
36026,Bremen,2020-05-08,77.73,71.13,
36027,Bremen,2020-05-09,70.28,77.62,
36028,Bremen,2020-05-10,70.88,59.8,
36029,Bremen,2020-05-13,83.11,63.0,
36030,Bremen,2020-05-14,87.23,68.6,
36031,Bremen,2020-05-15,88.64,61.32,
36032,Bremen,2020-05-16,78.53,71.51,
36033,Bremen,2020-05-17,78.48,72.45,
36034,Bremen,2020-05-18,92.21,77.28,
36035,Bremen,2020-05-19,94.15,74.1,
36036,Bremen,2020-05-20,100.54,79.33,
36037,Bremen,2020-05-21,82.52,89.36,
36038,Bremen,2020-05-22,91.33,78.88,
36039,Bremen,2020-05-23,81.34,74.7,
36040,Bremen,2020-05-24,83.65,59.82,
36041,Bremen,2020-05-25,95.37,76.68,
36042,Bremen,2020-05-26,95.45,84.29,
143241,Hamburg,2020-01-13,100.0,100.0,100.0
143242,Hamburg,2020-01-14,101.73,101.55,98.86
143243,Hamburg,2020-01-15,102.87,110.08,99.74
143244,Hamburg,2020-01-16,106.65,116.16,102.18
143245,Hamburg,2020-01-17,112.44,139.82,115.69
143246,Hamburg,2020-01-18,105.27,154.48,123.12
143247,Hamburg,2020-01-19,99.15,103.66,103.5
143248,Hamburg,2020-01-20,100.28,102.7,103.82
143249,Hamburg,2020-01-21,104.6,105.08,101.58
143250,Hamburg,2020-01-22,105.72,109.64,105.36
143251,Hamburg,2020-01-23,104.64,114.81,105.38
143252,Hamburg,2020-01-24,110.4,132.63,119.21
143253,Hamburg,2020-01-25,103.01,152.2,123.21
143254,Hamburg,2020-01-26,94.53,88.5,95.96
143255,Hamburg,2020-01-27,104.2,102.87,102.75
143256,Hamburg,2020-01-28,106.66,99.94,99.94
143257,Hamburg,2020-01-29,105.68,96.06,104.18
143258,Hamburg,2020-01-30,108.51,116.09,106.75
143259,Hamburg,2020-01-31,117.2,143.87,121.72
143260,Hamburg,2020-02-01,109.19,164.82,127.12
143261,Hamburg,2020-02-02,98.79,104.42,112.62
143262,Hamburg,2020-02-03,106.75,114.95,110.42
143263,Hamburg,2020-02-04,111.38,118.46,113.6
143264,Hamburg,2020-02-05,108.54,121.83,106.88
143265,Hamburg,2020-02-06,108.81,125.23,114.57
143266,Hamburg,2020-02-07,123.95,153.49,140.28
143267,Hamburg,2020-02-08,116.47,185.16,143.71
143268,Hamburg,2020-02-09,97.88,86.0,105.39
143269,Hamburg,2020-02-10,110.39,107.05,111.87
143270,Hamburg,2020-02-11,110.77,110.74,111.76
143271,Hamburg,2020-02-12,109.29,115.61,121.56
143272,Hamburg,2020-02-13,115.73,124.07,119.71
143273,Hamburg,2020-02-14,126.69,173.94,141.47
143274,Hamburg,2020-02-15,120.24,191.25,145.19
143275,Hamburg,2020-02-16,105.16,104.0,134.81
143276,Hamburg,2020-02-17,107.04,120.57,234.4
143277,Hamburg,2020-02-18,114.22,137.39,207.17
143278,Hamburg,2020-02-19,116.87,112.72,179.93
143279,Hamburg,2020-02-20,113.89,123.62,190.07
143280,Hamburg,2020-02-21,133.02,164.38,227.14
143281,Hamburg,2020-02-22,116.1,175.17,239.76
143282,Hamburg,2020-02-23,101.73,110.98,192.35
143283,Hamburg,2020-02-24,110.58,107.45,178.97
143284,Hamburg,2020-02-25,109.93,110.79,169.49
143285,Hamburg,2020-02-26,113.21,119.68,183.47
143286,Hamburg,2020-02-27,119.71,127.15,180.4
143287,Hamburg,2020-02-28,124.87,148.92,205.52
143288,Hamburg,2020-02-29,111.36,168.15,216.37
143289,Hamburg,2020-03-01,106.56,101.3,172.57
143290,Hamburg,2020-03-02,105.52,110.62,156.53
143291,Hamburg,2020-03-03,105.4,108.51,155.83
143292,Hamburg,2020-03-04,107.32,110.96,163.87
143293,Hamburg,2020-03-05,114.09,116.48,169.39
143294,Hamburg,2020-03-06,114.42,128.96,192.26
143295,Hamburg,2020-03-07,115.84,171.72,226.2
143296,Hamburg,2020-03-08,103.17,97.45,172.18
143297,Hamburg,2020-03-09,101.88,103.36,159.36
143298,Hamburg,2020-03-10,103.55,95.87,157.3
143299,Hamburg,2020-03-11,100.68,112.28,150.06
143300,Hamburg,2020-03-12,91.76,93.3,131.93
143301,Hamburg,2020-03-13,86.08,93.18,121.82
143302,Hamburg,2020-03-14,79.03,106.01,122.11
143303,Hamburg,2020-03-15,66.51,69.48,88.97
143304,Hamburg,2020-03-16,70.89,68.34,73.19
143305,Hamburg,2020-03-17,62.26,57.31,58.81
143306,Hamburg,2020-03-18,56.59,47.66,50.64
143307,Hamburg,2020-03-19,52.67,44.86,45.38
143308,Hamburg,2020-03-20,49.75,43.49,45.85
143309,Hamburg,2020-03-21,40.64,40.28,37.23
143310,Hamburg,2020-03-22,41.37,43.34,40.51
143311,Hamburg,2020-03-23,47.15,41.51,42.5
143312,Hamburg,2020-03-24,47.03,41.51,39.71
143313,Hamburg,2020-03-25,48.63,44.35,41.83
143314,Hamburg,2020-03-26,50.29,47.45,43.85
143315,Hamburg,2020-03-27,51.47,49.03,43.61
143316,Hamburg,2020-03-28,48.01,56.71,42.22
143317,Hamburg,2020-03-29,42.37,33.62,39.58
143318,Hamburg,2020-03-30,50.05,37.53,44.29
143319,Hamburg,2020-03-31,53.75,45.85,45.83
143320,Hamburg,2020-04-01,53.29,43.1,44.97
143321,Hamburg,2020-04-02,53.27,45.86,44.46
143322,Hamburg,2020-04-03,52.09,43.77,43.36
143323,Hamburg,2020-04-04,47.42,54.89,44.9
143324,Hamburg,2020-04-05,55.9,73.03,50.18
143325,Hamburg,2020-04-06,61.41,67.45,52.55
143326,Hamburg,2020-04-07,60.09,62.82,55.71
143327,Hamburg,2020-04-08,62.27,62.95,54.75
143328,Hamburg,2020-04-09,57.43,56.92,53.17
143329,Hamburg,2020-04-10,48.28,60.38,53.5
143330,Hamburg,2020-04-11,49.97,60.92,47.78
143331,Hamburg,2020-04-12,46.62,68.72,50.44
143332,Hamburg,2020-04-13,52.51,51.19,55.96
143333,Hamburg,2020-04-14,60.81,49.98,58.73
143334,Hamburg,2020-04-15,63.34,59.17,62.11
143335,Hamburg,2020-04-16,64.77,61.65,56.9
143336,Hamburg,2020-04-17,63.86,65.19,58.81
143337,Hamburg,2020-04-18,59.42,71.59,60.48
143338,Hamburg,2020-04-19,64.12,71.78,66.79
143339,Hamburg,2020-04-20,70.33,63.97,63.69
143340,Hamburg,2020-04-21,70.75,64.9,65.28
143341,Hamburg,2020-04-22,71.83,66.7,60.86
143342,Hamburg,2020-04-23,73.16,71.53,65.16
143343,Hamburg,2020-04-24,67.72,65.29,60.88
143344,Hamburg,2020-04-25,59.68,69.39,58.61
143345,Hamburg,2020-04-26,63.35,66.22,65.45
143346,Hamburg,2020-04-27,72.25,68.74,66.83
143347,Hamburg,2020-04-28,70.55,60.6,64.28
143348,Hamburg,2020-04-29,70.34,54.44,62.2
143349,Hamburg,2020-04-30,70.69,56.39,59.72
143350,Hamburg,2020-05-01,57.18,51.57,57.94
143351,Hamburg,2020-05-02,62.9,59.53,58.9
143352,Hamburg,2020-05-03,68.07,64.49,68.68
143353,Hamburg,2020-05-04,78.93,70.21,75.16
143354,Hamburg,2020-05-05,83.0,72.49,82.13
143355,Hamburg,2020-05-06,80.84,75.53,83.27
143356,Hamburg,2020-05-07,80.72,73.86,77.38
143357,Hamburg,2020-05-08,85.42,83.04,81.1
143358,Hamburg,2020-05-09,85.83,92.76,77.12
143359,Hamburg,2020-05-10,80.04,69.39,78.4
143360,Hamburg,2020-05-13,85.68,67.85,81.01
143361,Hamburg,2020-05-14,89.93,76.07,83.1
143362,Hamburg,2020-05-15,91.3,70.69,82.51
143363,Hamburg,2020-05-16,80.36,76.89,79.87
143364,Hamburg,2020-05-17,84.93,70.47,89.06
143365,Hamburg,2020-05-18,96.29,78.21,94.17
143366,Hamburg,2020-05-19,98.23,84.9,93.98
143367,Hamburg,2020-05-20,111.42,89.24,94.9
143368,Hamburg,2020-05-21,91.47,97.26,100.51
143369,Hamburg,2020-05-22,91.68,83.08,95.94
143370,Hamburg,2020-05-23,83.33,83.29,92.92
143371,Hamburg,2020-05-24,89.78,61.57,87.82
143372,Hamburg,2020-05-25,101.0,83.44,106.77
143373,Hamburg,2020-05-26,103.89,92.88,104.83
153083,Hesse,2020-01-13,100.0,,
153084,Hesse,2020-01-14,103.2,,
153085,Hesse,2020-01-15,105.43,,
153086,Hesse,2020-01-16,107.95,,
153087,Hesse,2020-01-17,112.44,,
153088,Hesse,2020-01-18,109.91,,
153089,Hesse,2020-01-19,102.49,,
153090,Hesse,2020-01-20,102.66,,
153091,Hesse,2020-01-21,108.39,,
153092,Hesse,2020-01-22,107.44,,
153093,Hesse,2020-01-23,106.95,,
153094,Hesse,2020-01-24,116.41,,
153095,Hesse,2020-01-25,110.63,,
153096,Hesse,2020-01-26,105.15,,
153097,Hesse,2020-01-27,107.24,,
153098,Hesse,2020-01-28,106.59,,
153099,Hesse,2020-01-29,108.09,,
153100,Hesse,2020-01-30,106.63,,
153101,Hesse,2020-01-31,118.76,,
153102,Hesse,2020-02-01,114.35,,
153103,Hesse,2020-02-02,108.18,,
153104,Hesse,2020-02-03,107.43,,
153105,Hesse,2020-02-04,110.86,,
153106,Hesse,2020-02-05,111.75,,
153107,Hesse,2020-02-06,106.1,,
153108,Hesse,2020-02-07,118.79,,
153109,Hesse,2020-02-08,115.5,,
153110,Hesse,2020-02-09,108.89,,
153111,Hesse,2020-02-10,113.78,,
153112,Hesse,2020-02-11,112.93,,
153113,Hesse,2020-02-12,112.52,,
153114,Hesse,2020-02-13,112.51,,
153115,Hesse,2020-02-14,126.16,,
153116,Hesse,2020-02-15,118.99,,
153117,Hesse,2020-02-16,105.97,,
153118,Hesse,2020-02-17,107.45,,
153119,Hesse,2020-02-18,108.57,,
153120,Hesse,2020-02-19,111.01,,
153121,Hesse,2020-02-20,111.92,,
153122,Hesse,2020-02-21,120.06,,
153123,Hesse,2020-02-22,110.36,,
153124,Hesse,2020-02-23,98.21,,
153125,Hesse,2020-02-24,104.23,,
153126,Hesse,2020-02-25,103.33,,
153127,Hesse,2020-02-26,104.74,,
153128,Hesse,2020-02-27,124.22,,
153129,Hesse,2020-02-28,115.89,,
153130,Hesse,2020-02-29,113.48,,
153131,Hesse,2020-03-01,106.25,,
153132,Hesse,2020-03-02,105.0,,
153133,Hesse,2020-03-03,102.65,,
153134,Hesse,2020-03-04,104.07,,
153135,Hesse,2020-03-05,106.55,,
153136,Hesse,2020-03-06,112.45,,
153137,Hesse,2020-03-07,111.72,,
153138,Hesse,2020-03-08,101.47,,
153139,Hesse,2020-03-09,100.55,,
153140,Hesse,2020-03-10,103.03,,
153141,Hesse,2020-03-11,105.31,,
153142,Hesse,2020-03-12,91.03,,
153143,Hesse,2020-03-13,88.41,,
153144,Hesse,2020-03-14,78.75,,
153145,Hesse,2020-03-15,72.27,,
153146,Hesse,2020-03-16,70.01,,
153147,Hesse,2020-03-17,63.17,,
153148,Hesse,2020-03-18,58.59,,
153149,Hesse,2020-03-19,54.46,,
153150,Hesse,2020-03-20,52.05,,
153151,Hesse,2020-03-21,39.13,,
153152,Hesse,2020-03-22,40.73,,
153153,Hesse,2020-03-23,45.32,,
153154,Hesse,2020-03-24,45.43,,
153155,Hesse,2020-03-25,46.69,,
153156,Hesse,2020-03-26,48.29,,
153157,Hesse,2020-03-27,51.19,,
153158,Hesse,2020-03-28,48.56,,
153159,Hesse,2020-03-29,44.29,,
153160,Hesse,2020-03-30,51.29,,
153161,Hesse,2020-03-31,53.05,,
153162,Hesse,2020-04-01,53.92,,
153163,Hesse,2020-04-02,54.09,,
153164,Hesse,2020-04-03,52.67,,
153165,Hesse,2020-04-04,50.06,,
153166,Hesse,2020-04-05,55.1,,
153167,Hesse,2020-04-06,58.81,,
153168,Hesse,2020-04-07,60.69,,
153169,Hesse,2020-04-08,62.85,,
153170,Hesse,2020-04-09,60.93,,
153171,Hesse,2020-04-10,53.37,,
153172,Hesse,2020-04-11,53.24,,
153173,Hesse,2020-04-12,46.32,,
153174,Hesse,2020-04-13,52.75,,
153175,Hesse,2020-04-14,61.5,,
153176,Hesse,2020-04-15,63.37,,
153177,Hesse,2020-04-16,66.18,,
153178,Hesse,2020-04-17,66.47,,
153179,Hesse,2020-04-18,59.29,,
153180,Hesse,2020-04-19,62.81,,
153181,Hesse,2020-04-20,66.81,,
153182,Hesse,2020-04-21,67.85,,
153183,Hesse,2020-04-22,69.14,,
153184,Hesse,2020-04-23,68.83,,
153185,Hesse,2020-04-24,68.18,,
153186,Hesse,2020-04-25,64.4,,
153187,Hesse,2020-04-26,67.85,,
153188,Hesse,2020-04-27,67.61,,
153189,Hesse,2020-04-28,66.96,,
153190,Hesse,2020-04-29,69.44,,
153191,Hesse,2020-04-30,68.0,,
153192,Hesse,2020-05-01,61.39,,
153193,Hesse,2020-05-02,67.16,,
153194,Hesse,2020-05-03,72.8,,
153195,Hesse,2020-05-04,74.18,,
153196,Hesse,2020-05-05,76.21,,
153197,Hesse,2020-05-06,78.27,,
153198,Hesse,2020-05-07,80.34,,
153199,Hesse,2020-05-08,83.56,,
153200,Hesse,2020-05-09,75.52,,
153201,Hesse,2020-05-10,75.51,,
153202,Hesse,2020-05-13,83.31,,
153203,Hesse,2020-05-14,84.3,,
153204,Hesse,2020-05-15,91.52,,
153205,Hesse,2020-05-16,88.23,,
153206,Hesse,2020-05-17,90.24,,
153207,Hesse,2020-05-18,92.74,,
153208,Hesse,2020-05-19,95.45,,
153209,Hesse,2020-05-20,102.66,,
153210,Hesse,2020-05-21,98.55,,
153211,Hesse,2020-05-22,99.89,,
153212,Hesse,2020-05-23,90.41,,
153213,Hesse,2020-05-24,97.37,,
153214,Hesse,2020-05-25,97.23,,
153215,Hesse,2020-05-26,97.54,,
210672,Lower Saxony,2020-01-13,100.0,,
210673,Lower Saxony,2020-01-14,100.37,,
210674,Lower Saxony,2020-01-15,101.27,,
210675,Lower Saxony,2020-01-16,105.67,,
210676,Lower Saxony,2020-01-17,115.66,,
210677,Lower Saxony,2020-01-18,106.84,,
210678,Lower Saxony,2020-01-19,106.46,,
210679,Lower Saxony,2020-01-20,100.2,,
210680,Lower Saxony,2020-01-21,103.44,,
210681,Lower Saxony,2020-01-22,102.02,,
210682,Lower Saxony,2020-01-23,100.97,,
210683,Lower Saxony,2020-01-24,110.58,,
210684,Lower Saxony,2020-01-25,105.68,,
210685,Lower Saxony,2020-01-26,104.35,,
210686,Lower Saxony,2020-01-27,101.87,,
210687,Lower Saxony,2020-01-28,103.38,,
210688,Lower Saxony,2020-01-29,103.14,,
210689,Lower Saxony,2020-01-30,104.4,,
210690,Lower Saxony,2020-01-31,122.98,,
210691,Lower Saxony,2020-02-01,111.72,,
210692,Lower Saxony,2020-02-02,109.68,,
210693,Lower Saxony,2020-02-03,110.06,,
210694,Lower Saxony,2020-02-04,115.89,,
210695,Lower Saxony,2020-02-05,108.98,,
210696,Lower Saxony,2020-02-06,105.12,,
210697,Lower Saxony,2020-02-07,120.05,,
210698,Lower Saxony,2020-02-08,114.05,,
210699,Lower Saxony,2020-02-09,110.01,,
210700,Lower Saxony,2020-02-10,107.46,,
210701,Lower Saxony,2020-02-11,107.33,,
210702,Lower Saxony,2020-02-12,108.14,,
210703,Lower Saxony,2020-02-13,110.04,,
210704,Lower Saxony,2020-02-14,127.59,,
210705,Lower Saxony,2020-02-15,131.01,,
210706,Lower Saxony,2020-02-16,114.91,,
210707,Lower Saxony,2020-02-17,106.76,,
210708,Lower Saxony,2020-02-18,110.7,,
210709,Lower Saxony,2020-02-19,121.76,,
210710,Lower Saxony,2020-02-20,111.74,,
210711,Lower Saxony,2020-02-21,121.79,,
210712,Lower Saxony,2020-02-22,115.94,,
210713,Lower Saxony,2020-02-23,107.81,,
210714,Lower Saxony,2020-02-24,110.0,,
210715,Lower Saxony,2020-02-25,110.38,,
210716,Lower Saxony,2020-02-26,108.66,,
210717,Lower Saxony,2020-02-27,107.3,,
210718,Lower Saxony,2020-02-28,121.24,,
210719,Lower Saxony,2020-02-29,116.24,,
210720,Lower Saxony,2020-03-01,110.28,,
210721,Lower Saxony,2020-03-02,105.87,,
210722,Lower Saxony,2020-03-03,106.32,,
210723,Lower Saxony,2020-03-04,106.55,,
210724,Lower Saxony,2020-03-05,106.02,,
210725,Lower Saxony,2020-03-06,124.91,,
210726,Lower Saxony,2020-03-07,116.31,,
210727,Lower Saxony,2020-03-08,112.41,,
210728,Lower Saxony,2020-03-09,103.32,,
210729,Lower Saxony,2020-03-10,108.08,,
210730,Lower Saxony,2020-03-11,101.18,,
210731,Lower Saxony,2020-03-12,92.48,,
210732,Lower Saxony,2020-03-13,94.2,,
210733,Lower Saxony,2020-03-14,82.9,,
210734,Lower Saxony,2020-03-15,77.16,,
210735,Lower Saxony,2020-03-16,73.9,,
210736,Lower Saxony,2020-03-17,67.96,,
210737,Lower Saxony,2020-03-18,63.21,,
210738,Lower Saxony,2020-03-19,58.75,,
210739,Lower Saxony,2020-03-20,55.68,,
210740,Lower Saxony,2020-03-21,46.02,,
210741,Lower Saxony,2020-03-22,47.6,,
210742,Lower Saxony,2020-03-23,50.92,,
210743,Lower Saxony,2020-03-24,52.94,,
210744,Lower Saxony,2020-03-25,53.36,,
210745,Lower Saxony,2020-03-26,55.51,,
210746,Lower Saxony,2020-03-27,57.24,,
210747,Lower Saxony,2020-03-28,52.03,,
210748,Lower Saxony,2020-03-29,49.47,,
210749,Lower Saxony,2020-03-30,57.15,,
210750,Lower Saxony,2020-03-31,60.91,,
210751,Lower Saxony,2020-04-01,60.26,,
210752,Lower Saxony,2020-04-02,59.45,,
210753,Lower Saxony,2020-04-03,58.14,,
210754,Lower Saxony,2020-04-04,52.87,,
210755,Lower Saxony,2020-04-05,63.26,,
210756,Lower Saxony,2020-04-06,67.38,,
210757,Lower Saxony,2020-04-07,68.69,,
210758,Lower Saxony,2020-04-08,70.43,,
210759,Lower Saxony,2020-04-09,66.0,,
210760,Lower Saxony,2020-04-10,58.12,,
210761,Lower Saxony,2020-04-11,56.15,,
210762,Lower Saxony,2020-04-12,51.19,,
210763,Lower Saxony,2020-04-13,62.28,,
210764,Lower Saxony,2020-04-14,68.96,,
210765,Lower Saxony,2020-04-15,71.15,,
210766,Lower Saxony,2020-04-16,72.84,,
210767,Lower Saxony,2020-04-17,72.74,,
210768,Lower Saxony,2020-04-18,65.93,,
210769,Lower Saxony,2020-04-19,73.69,,
210770,Lower Saxony,2020-04-20,74.07,,
210771,Lower Saxony,2020-04-21,73.83,,
210772,Lower Saxony,2020-04-22,76.5,,
210773,Lower Saxony,2020-04-23,75.93,,
210774,Lower Saxony,2020-04-24,74.6,,
210775,Lower Saxony,2020-04-25,67.87,,
210776,Lower Saxony,2020-04-26,76.07,,
210777,Lower Saxony,2020-04-27,76.45,,
210778,Lower Saxony,2020-04-28,77.0,,
210779,Lower Saxony,2020-04-29,77.5,,
210780,Lower Saxony,2020-04-30,77.8,,
210781,Lower Saxony,2020-05-01,71.18,,
210782,Lower Saxony,2020-05-02,72.6,,
210783,Lower Saxony,2020-05-03,81.53,,
210784,Lower Saxony,2020-05-04,84.76,,
210785,Lower Saxony,2020-05-05,84.33,,
210786,Lower Saxony,2020-05-06,85.51,,
210787,Lower Saxony,2020-05-07,90.16,,
210788,Lower Saxony,2020-05-08,93.86,,
210789,Lower Saxony,2020-05-09,87.93,,
210790,Lower Saxony,2020-05-10,88.42,,
210791,Lower Saxony,2020-05-13,94.14,,
210792,Lower Saxony,2020-05-14,97.23,,
210793,Lower Saxony,2020-05-15,102.34,,
210794,Lower Saxony,2020-05-16,98.89,,
210795,Lower Saxony,2020-05-17,105.53,,
210796,Lower Saxony,2020-05-18,104.21,,
210797,Lower Saxony,2020-05-19,107.24,,
210798,Lower Saxony,2020-05-20,122.23,,
210799,Lower Saxony,2020-05-21,116.8,,
210800,Lower Saxony,2020-05-22,114.19,,
210801,Lower Saxony,2020-05-23,106.21,,
210802,Lower Saxony,2020-05-24,120.01,,
210803,Lower Saxony,2020-05-25,109.87,,
210804,Lower Saxony,2020-05-26,109.68,,
230888,Mecklenburg-Western Pomerania,2020-01-13,100.0,,
230889,Mecklenburg-Western Pomerania,2020-01-14,101.41,,
230890,Mecklenburg-Western Pomerania,2020-01-15,104.39,,
230891,Mecklenburg-Western Pomerania,2020-01-16,103.13,,
230892,Mecklenburg-Western Pomerania,2020-01-17,115.79,,
230893,Mecklenburg-Western Pomerania,2020-01-18,113.31,,
230894,Mecklenburg-Western Pomerania,2020-01-19,121.52,,
230895,Mecklenburg-Western Pomerania,2020-01-20,102.44,,
230896,Mecklenburg-Western Pomerania,2020-01-21,103.13,,
230897,Mecklenburg-Western Pomerania,2020-01-22,106.43,,
230898,Mecklenburg-Western Pomerania,2020-01-23,105.56,,
230899,Mecklenburg-Western Pomerania,2020-01-24,117.8,,
230900,Mecklenburg-Western Pomerania,2020-01-25,110.82,,
230901,Mecklenburg-Western Pomerania,2020-01-26,114.3,,
230902,Mecklenburg-Western Pomerania,2020-01-27,102.4,,
230903,Mecklenburg-Western Pomerania,2020-01-28,103.22,,
230904,Mecklenburg-Western Pomerania,2020-01-29,98.82,,
230905,Mecklenburg-Western Pomerania,2020-01-30,101.84,,
230906,Mecklenburg-Western Pomerania,2020-01-31,120.68,,
230907,Mecklenburg-Western Pomerania,2020-02-01,128.65,,
230908,Mecklenburg-Western Pomerania,2020-02-02,132.36,,
230909,Mecklenburg-Western Pomerania,2020-02-03,116.75,,
230910,Mecklenburg-Western Pomerania,2020-02-04,115.18,,
230911,Mecklenburg-Western Pomerania,2020-02-05,115.88,,
230912,Mecklenburg-Western Pomerania,2020-02-06,114.32,,
230913,Mecklenburg-Western Pomerania,2020-02-07,136.68,,
230914,Mecklenburg-Western Pomerania,2020-02-08,125.5,,
230915,Mecklenburg-Western Pomerania,2020-02-09,116.34,,
230916,Mecklenburg-Western Pomerania,2020-02-10,110.01,,
230917,Mecklenburg-Western Pomerania,2020-02-11,107.79,,
230918,Mecklenburg-Western Pomerania,2020-02-12,107.35,,
230919,Mecklenburg-Western Pomerania,2020-02-13,115.21,,
230920,Mecklenburg-Western Pomerania,2020-02-14,133.44,,
230921,Mecklenburg-Western Pomerania,2020-02-15,127.41,,
230922,Mecklenburg-Western Pomerania,2020-02-16,128.7,,
230923,Mecklenburg-Western Pomerania,2020-02-17,116.49,,
230924,Mecklenburg-Western Pomerania,2020-02-18,115.14,,
230925,Mecklenburg-Western Pomerania,2020-02-19,111.04,,
230926,Mecklenburg-Western Pomerania,2020-02-20,111.0,,
230927,Mecklenburg-Western Pomerania,2020-02-21,127.36,,
230928,Mecklenburg-Western Pomerania,2020-02-22,122.21,,
230929,Mecklenburg-Western Pomerania,2020-02-23,126.5,,
230930,Mecklenburg-Western Pomerania,2020-02-24,114.77,,
230931,Mecklenburg-Western Pomerania,2020-02-25,116.59,,
230932,Mecklenburg-Western Pomerania,2020-02-26,112.16,,
230933,Mecklenburg-Western Pomerania,2020-02-27,111.27,,
230934,Mecklenburg-Western Pomerania,2020-02-28,129.31,,
230935,Mecklenburg-Western Pomerania,2020-02-29,121.18,,
230936,Mecklenburg-Western Pomerania,2020-03-01,125.13,,
230937,Mecklenburg-Western Pomerania,2020-03-02,114.1,,
230938,Mecklenburg-Western Pomerania,2020-03-03,114.26,,
230939,Mecklenburg-Western Pomerania,2020-03-04,111.18,,
230940,Mecklenburg-Western Pomerania,2020-03-05,113.76,,
230941,Mecklenburg-Western Pomerania,2020-03-06,133.19,,
230942,Mecklenburg-Western Pomerania,2020-03-07,126.04,,
230943,Mecklenburg-Western Pomerania,2020-03-08,126.8,,
230944,Mecklenburg-Western Pomerania,2020-03-09,112.8,,
230945,Mecklenburg-Western Pomerania,2020-03-10,106.82,,
230946,Mecklenburg-Western Pomerania,2020-03-11,104.89,,
230947,Mecklenburg-Western Pomerania,2020-03-12,98.2,,
230948,Mecklenburg-Western Pomerania,2020-03-13,104.3,,
230949,Mecklenburg-Western Pomerania,2020-03-14,99.97,,
230950,Mecklenburg-Western Pomerania,2020-03-15,93.09,,
230951,Mecklenburg-Western Pomerania,2020-03-16,78.96,,
230952,Mecklenburg-Western Pomerania,2020-03-17,72.39,,
230953,Mecklenburg-Western Pomerania,2020-03-18,67.12,,
230954,Mecklenburg-Western Pomerania,2020-03-19,62.55,,
230955,Mecklenburg-Western Pomerania,2020-03-20,56.17,,
230956,Mecklenburg-Western Pomerania,2020-03-21,43.14,,
230957,Mecklenburg-Western Pomerania,2020-03-22,45.95,,
230958,Mecklenburg-Western Pomerania,2020-03-23,52.2,,
230959,Mecklenburg-Western Pomerania,2020-03-24,51.95,,
230960,Mecklenburg-Western Pomerania,2020-03-25,53.33,,
230961,Mecklenburg-Western Pomerania,2020-03-26,57.55,,
230962,Mecklenburg-Western Pomerania,2020-03-27,54.92,,
230963,Mecklenburg-Western Pomerania,2020-03-28,48.42,,
230964,Mecklenburg-Western Pomerania,2020-03-29,50.6,,
230965,Mecklenburg-Western Pomerania,2020-03-30,58.2,,
230966,Mecklenburg-Western Pomerania,2020-03-31,59.01,,
230967,Mecklenburg-Western Pomerania,2020-04-01,59.02,,
230968,Mecklenburg-Western Pomerania,2020-04-02,59.51,,
230969,Mecklenburg-Western Pomerania,2020-04-03,55.13,,
230970,Mecklenburg-Western Pomerania,2020-04-04,45.54,,
230971,Mecklenburg-Western Pomerania,2020-04-05,58.8,,
230972,Mecklenburg-Western Pomerania,2020-04-06,64.68,,
230973,Mecklenburg-Western Pomerania,2020-04-07,63.54,,
230974,Mecklenburg-Western Pomerania,2020-04-08,65.35,,
230975,Mecklenburg-Western Pomerania,2020-04-09,59.83,,
230976,Mecklenburg-Western Pomerania,2020-04-10,50.73,,
230977,Mecklenburg-Western Pomerania,2020-04-11,47.24,,
230978,Mecklenburg-Western Pomerania,2020-04-12,49.17,,
230979,Mecklenburg-Western Pomerania,2020-04-13,59.36,,
230980,Mecklenburg-Western Pomerania,2020-04-14,67.36,,
230981,Mecklenburg-Western Pomerania,2020-04-15,69.75,,
230982,Mecklenburg-Western Pomerania,2020-04-16,70.03,,
230983,Mecklenburg-Western Pomerania,2020-04-17,69.03,,
230984,Mecklenburg-Western Pomerania,2020-04-18,60.54,,
230985,Mecklenburg-Western Pomerania,2020-04-19,70.3,,
230986,Mecklenburg-Western Pomerania,2020-04-20,71.54,,
230987,Mecklenburg-Western Pomerania,2020-04-21,71.81,,
230988,Mecklenburg-Western Pomerania,2020-04-22,72.53,,
230989,Mecklenburg-Western Pomerania,2020-04-23,74.47,,
230990,Mecklenburg-Western Pomerania,2020-04-24,73.6,,
230991,Mecklenburg-Western Pomerania,2020-04-25,64.06,,
230992,Mecklenburg-Western Pomerania,2020-04-26,72.86,,
230993,Mecklenburg-Western Pomerania,2020-04-27,73.97,,
230994,Mecklenburg-Western Pomerania,2020-04-28,73.32,,
230995,Mecklenburg-Western Pomerania,2020-04-29,76.68,,
230996,Mecklenburg-Western Pomerania,2020-04-30,75.99,,
230997,Mecklenburg-Western Pomerania,2020-05-01,71.64,,
230998,Mecklenburg-Western Pomerania,2020-05-02,68.61,,
230999,Mecklenburg-Western Pomerania,2020-05-03,86.85,,
231000,Mecklenburg-Western Pomerania,2020-05-04,87.07,,
231001,Mecklenburg-Western Pomerania,2020-05-05,88.64,,
231002,Mecklenburg-Western Pomerania,2020-05-06,91.57,,
231003,Mecklenburg-Western Pomerania,2020-05-07,93.67,,
231004,Mecklenburg-Western Pomerania,2020-05-08,98.89,,
231005,Mecklenburg-Western Pomerania,2020-05-09,97.95,,
231006,Mecklenburg-Western Pomerania,2020-05-10,103.25,,
231007,Mecklenburg-Western Pomerania,2020-05-13,104.4,,
231008,Mecklenburg-Western Pomerania,2020-05-14,104.07,,
231009,Mecklenburg-Western Pomerania,2020-05-15,107.22,,
231010,Mecklenburg-Western Pomerania,2020-05-16,97.61,,
231011,Mecklenburg-Western Pomerania,2020-05-17,114.04,,
231012,Mecklenburg-Western Pomerania,2020-05-18,112.65,,
231013,Mecklenburg-Western Pomerania,2020-05-19,118.42,,
231014,Mecklenburg-Western Pomerania,2020-05-20,134.54,,
231015,Mecklenburg-Western Pomerania,2020-05-21,134.44,,
231016,Mecklenburg-Western Pomerania,2020-05-22,130.12,,
231017,Mecklenburg-Western Pomerania,2020-05-23,124.95,,
231018,Mecklenburg-Western Pomerania,2020-05-24,151.35,,
231019,Mecklenburg-Western Pomerania,2020-05-25,171.18,,
231020,Mecklenburg-Western Pomerania,2020-05-26,159.06,,
261212,North Rhine-Westphalia,2020-01-13,100.0,,
261213,North Rhine-Westphalia,2020-01-14,100.15,,
261214,North Rhine-Westphalia,2020-01-15,101.64,,
261215,North Rhine-Westphalia,2020-01-16,101.39,,
261216,North Rhine-Westphalia,2020-01-17,110.92,,
261217,North Rhine-Westphalia,2020-01-18,104.96,,
261218,North Rhine-Westphalia,2020-01-19,97.42,,
261219,North Rhine-Westphalia,2020-01-20,99.63,,
261220,North Rhine-Westphalia,2020-01-21,103.18,,
261221,North Rhine-Westphalia,2020-01-22,102.73,,
261222,North Rhine-Westphalia,2020-01-23,100.72,,
261223,North Rhine-Westphalia,2020-01-24,106.64,,
261224,North Rhine-Westphalia,2020-01-25,101.61,,
261225,North Rhine-Westphalia,2020-01-26,96.85,,
261226,North Rhine-Westphalia,2020-01-27,98.76,,
261227,North Rhine-Westphalia,2020-01-28,101.11,,
261228,North Rhine-Westphalia,2020-01-29,99.72,,
261229,North Rhine-Westphalia,2020-01-30,100.26,,
261230,North Rhine-Westphalia,2020-01-31,112.07,,
261231,North Rhine-Westphalia,2020-02-01,111.32,,
261232,North Rhine-Westphalia,2020-02-02,100.0,,
261233,North Rhine-Westphalia,2020-02-03,100.69,,
261234,North Rhine-Westphalia,2020-02-04,103.97,,
261235,North Rhine-Westphalia,2020-02-05,102.81,,
261236,North Rhine-Westphalia,2020-02-06,100.66,,
261237,North Rhine-Westphalia,2020-02-07,112.65,,
261238,North Rhine-Westphalia,2020-02-08,105.94,,
261239,North Rhine-Westphalia,2020-02-09,89.44,,
261240,North Rhine-Westphalia,2020-02-10,100.11,,
261241,North Rhine-Westphalia,2020-02-11,106.36,,
261242,North Rhine-Westphalia,2020-02-12,106.17,,
261243,North Rhine-Westphalia,2020-02-13,111.59,,
261244,North Rhine-Westphalia,2020-02-14,119.31,,
261245,North Rhine-Westphalia,2020-02-15,111.12,,
261246,North Rhine-Westphalia,2020-02-16,98.99,,
261247,North Rhine-Westphalia,2020-02-17,105.22,,
261248,North Rhine-Westphalia,2020-02-18,109.25,,
261249,North Rhine-Westphalia,2020-02-19,106.47,,
261250,North Rhine-Westphalia,2020-02-20,99.9,,
261251,North Rhine-Westphalia,2020-02-21,109.57,,
261252,North Rhine-Westphalia,2020-02-22,102.47,,
261253,North Rhine-Westphalia,2020-02-23,85.0,,
261254,North Rhine-Westphalia,2020-02-24,92.18,,
261255,North Rhine-Westphalia,2020-02-25,102.66,,
261256,North Rhine-Westphalia,2020-02-26,98.86,,
261257,North Rhine-Westphalia,2020-02-27,101.43,,
261258,North Rhine-Westphalia,2020-02-28,105.32,,
261259,North Rhine-Westphalia,2020-02-29,103.1,,
261260,North Rhine-Westphalia,2020-03-01,95.18,,
261261,North Rhine-Westphalia,2020-03-02,96.52,,
261262,North Rhine-Westphalia,2020-03-03,103.45,,
261263,North Rhine-Westphalia,2020-03-04,100.06,,
261264,North Rhine-Westphalia,2020-03-05,101.23,,
261265,North Rhine-Westphalia,2020-03-06,108.88,,
261266,North Rhine-Westphalia,2020-03-07,105.52,,
261267,North Rhine-Westphalia,2020-03-08,94.87,,
261268,North Rhine-Westphalia,2020-03-09,95.11,,
261269,North Rhine-Westphalia,2020-03-10,96.49,,
261270,North Rhine-Westphalia,2020-03-11,94.28,,
261271,North Rhine-Westphalia,2020-03-12,88.98,,
261272,North Rhine-Westphalia,2020-03-13,83.24,,
261273,North Rhine-Westphalia,2020-03-14,75.34,,
261274,North Rhine-Westphalia,2020-03-15,66.7,,
261275,North Rhine-Westphalia,2020-03-16,65.79,,
261276,North Rhine-Westphalia,2020-03-17,62.02,,
261277,North Rhine-Westphalia,2020-03-18,57.02,,
261278,North Rhine-Westphalia,2020-03-19,52.18,,
261279,North Rhine-Westphalia,2020-03-20,48.14,,
261280,North Rhine-Westphalia,2020-03-21,40.18,,
261281,North Rhine-Westphalia,2020-03-22,40.17,,
261282,North Rhine-Westphalia,2020-03-23,45.85,,
261283,North Rhine-Westphalia,2020-03-24,46.13,,
261284,North Rhine-Westphalia,2020-03-25,47.21,,
261285,North Rhine-Westphalia,2020-03-26,49.0,,
261286,North Rhine-Westphalia,2020-03-27,50.92,,
261287,North Rhine-Westphalia,2020-03-28,47.19,,
261288,North Rhine-Westphalia,2020-03-29,41.86,,
261289,North Rhine-Westphalia,2020-03-30,50.78,,
261290,North Rhine-Westphalia,2020-03-31,54.0,,
261291,North Rhine-Westphalia,2020-04-01,55.13,,
261292,North Rhine-Westphalia,2020-04-02,53.8,,
261293,North Rhine-Westphalia,2020-04-03,52.96,,
261294,North Rhine-Westphalia,2020-04-04,50.3,,
261295,North Rhine-Westphalia,2020-04-05,56.46,,
261296,North Rhine-Westphalia,2020-04-06,60.02,,
261297,North Rhine-Westphalia,2020-04-07,61.22,,
261298,North Rhine-Westphalia,2020-04-08,63.52,,
261299,North Rhine-Westphalia,2020-04-09,60.95,,
261300,North Rhine-Westphalia,2020-04-10,53.51,,
261301,North Rhine-Westphalia,2020-04-11,53.98,,
261302,North Rhine-Westphalia,2020-04-12,46.21,,
261303,North Rhine-Westphalia,2020-04-13,53.72,,
261304,North Rhine-Westphalia,2020-04-14,62.0,,
261305,North Rhine-Westphalia,2020-04-15,64.41,,
261306,North Rhine-Westphalia,2020-04-16,67.19,,
261307,North Rhine-Westphalia,2020-04-17,66.75,,
261308,North Rhine-Westphalia,2020-04-18,57.62,,
261309,North Rhine-Westphalia,2020-04-19,63.74,,
261310,North Rhine-Westphalia,2020-04-20,68.73,,
261311,North Rhine-Westphalia,2020-04-21,69.74,,
261312,North Rhine-Westphalia,2020-04-22,71.01,,
261313,North Rhine-Westphalia,2020-04-23,71.76,,
261314,North Rhine-Westphalia,2020-04-24,68.9,,
261315,North Rhine-Westphalia,2020-04-25,65.02,,
261316,North Rhine-Westphalia,2020-04-26,68.6,,
261317,North Rhine-Westphalia,2020-04-27,70.35,,
261318,North Rhine-Westphalia,2020-04-28,68.69,,
261319,North Rhine-Westphalia,2020-04-29,71.3,,
261320,North Rhine-Westphalia,2020-04-30,72.54,,
261321,North Rhine-Westphalia,2020-05-01,62.2,,
261322,North Rhine-Westphalia,2020-05-02,68.4,,
261323,North Rhine-Westphalia,2020-05-03,72.21,,
261324,North Rhine-Westphalia,2020-05-04,76.41,,
261325,North Rhine-Westphalia,2020-05-05,77.56,,
261326,North Rhine-Westphalia,2020-05-06,78.57,,
261327,North Rhine-Westphalia,2020-05-07,80.71,,
261328,North Rhine-Westphalia,2020-05-08,83.27,,
261329,North Rhine-Westphalia,2020-05-09,77.92,,
261330,North Rhine-Westphalia,2020-05-10,72.11,,
261331,North Rhine-Westphalia,2020-05-13,82.8,,
261332,North Rhine-Westphalia,2020-05-14,85.89,,
261333,North Rhine-Westphalia,2020-05-15,90.78,,
261334,North Rhine-Westphalia,2020-05-16,85.57,,
261335,North Rhine-Westphalia,2020-05-17,88.24,,
261336,North Rhine-Westphalia,2020-05-18,91.74,,
261337,North Rhine-Westphalia,2020-05-19,94.08,,
261338,North Rhine-Westphalia,2020-05-20,97.88,,
261339,North Rhine-Westphalia,2020-05-21,92.62,,
261340,North Rhine-Westphalia,2020-05-22,96.34,,
261341,North Rhine-Westphalia,2020-05-23,88.09,,
261342,North Rhine-Westphalia,2020-05-24,89.97,,
261343,North Rhine-Westphalia,2020-05-25,96.37,,
261344,North Rhine-Westphalia,2020-05-26,99.35,,
300713,Rhineland-Palatinate,2020-01-13,100.0,,
300714,Rhineland-Palatinate,2020-01-14,97.2,,
300715,Rhineland-Palatinate,2020-01-15,100.33,,
300716,Rhineland-Palatinate,2020-01-16,100.2,,
300717,Rhineland-Palatinate,2020-01-17,106.1,,
300718,Rhineland-Palatinate,2020-01-18,104.27,,
300719,Rhineland-Palatinate,2020-01-19,102.85,,
300720,Rhineland-Palatinate,2020-01-20,98.9,,
300721,Rhineland-Palatinate,2020-01-21,97.42,,
300722,Rhineland-Palatinate,2020-01-22,98.3,,
300723,Rhineland-Palatinate,2020-01-23,94.73,,
300724,Rhineland-Palatinate,2020-01-24,104.37,,
300725,Rhineland-Palatinate,2020-01-25,106.01,,
300726,Rhineland-Palatinate,2020-01-26,102.6,,
300727,Rhineland-Palatinate,2020-01-27,98.64,,
300728,Rhineland-Palatinate,2020-01-28,103.3,,
300729,Rhineland-Palatinate,2020-01-29,96.69,,
300730,Rhineland-Palatinate,2020-01-30,100.8,,
300731,Rhineland-Palatinate,2020-01-31,109.54,,
300732,Rhineland-Palatinate,2020-02-01,112.65,,
300733,Rhineland-Palatinate,2020-02-02,106.43,,
300734,Rhineland-Palatinate,2020-02-03,99.33,,
300735,Rhineland-Palatinate,2020-02-04,103.67,,
300736,Rhineland-Palatinate,2020-02-05,103.97,,
300737,Rhineland-Palatinate,2020-02-06,99.52,,
300738,Rhineland-Palatinate,2020-02-07,107.33,,
300739,Rhineland-Palatinate,2020-02-08,114.0,,
300740,Rhineland-Palatinate,2020-02-09,102.89,,
300741,Rhineland-Palatinate,2020-02-10,103.44,,
300742,Rhineland-Palatinate,2020-02-11,101.62,,
300743,Rhineland-Palatinate,2020-02-12,101.29,,
300744,Rhineland-Palatinate,2020-02-13,102.04,,
300745,Rhineland-Palatinate,2020-02-14,121.22,,
300746,Rhineland-Palatinate,2020-02-15,113.56,,
300747,Rhineland-Palatinate,2020-02-16,107.83,,
300748,Rhineland-Palatinate,2020-02-17,103.32,,
300749,Rhineland-Palatinate,2020-02-18,99.36,,
300750,Rhineland-Palatinate,2020-02-19,99.89,,
300751,Rhineland-Palatinate,2020-02-20,96.62,,
300752,Rhineland-Palatinate,2020-02-21,115.8,,
300753,Rhineland-Palatinate,2020-02-22,105.84,,
300754,Rhineland-Palatinate,2020-02-23,94.17,,
300755,Rhineland-Palatinate,2020-02-24,98.6,,
300756,Rhineland-Palatinate,2020-02-25,96.62,,
300757,Rhineland-Palatinate,2020-02-26,95.56,,
300758,Rhineland-Palatinate,2020-02-27,114.82,,
300759,Rhineland-Palatinate,2020-02-28,108.78,,
300760,Rhineland-Palatinate,2020-02-29,116.3,,
300761,Rhineland-Palatinate,2020-03-01,106.85,,
300762,Rhineland-Palatinate,2020-03-02,96.59,,
300763,Rhineland-Palatinate,2020-03-03,96.97,,
300764,Rhineland-Palatinate,2020-03-04,97.4,,
300765,Rhineland-Palatinate,2020-03-05,99.12,,
300766,Rhineland-Palatinate,2020-03-06,108.43,,
300767,Rhineland-Palatinate,2020-03-07,113.56,,
300768,Rhineland-Palatinate,2020-03-08,107.41,,
300769,Rhineland-Palatinate,2020-03-09,95.64,,
300770,Rhineland-Palatinate,2020-03-10,92.98,,
300771,Rhineland-Palatinate,2020-03-11,91.47,,
300772,Rhineland-Palatinate,2020-03-12,87.74,,
300773,Rhineland-Palatinate,2020-03-13,82.2,,
300774,Rhineland-Palatinate,2020-03-14,76.83,,
300775,Rhineland-Palatinate,2020-03-15,76.29,,
300776,Rhineland-Palatinate,2020-03-16,66.11,,
300777,Rhineland-Palatinate,2020-03-17,61.15,,
300778,Rhineland-Palatinate,2020-03-18,57.1,,
300779,Rhineland-Palatinate,2020-03-19,53.8,,
300780,Rhineland-Palatinate,2020-03-20,51.9,,
300781,Rhineland-Palatinate,2020-03-21,38.81,,
300782,Rhineland-Palatinate,2020-03-22,40.99,,
300783,Rhineland-Palatinate,2020-03-23,44.88,,
300784,Rhineland-Palatinate,2020-03-24,45.82,,
300785,Rhineland-Palatinate,2020-03-25,46.76,,
300786,Rhineland-Palatinate,2020-03-26,46.53,,
300787,Rhineland-Palatinate,2020-03-27,49.73,,
300788,Rhineland-Palatinate,2020-03-28,49.33,,
300789,Rhineland-Palatinate,2020-03-29,45.32,,
300790,Rhineland-Palatinate,2020-03-30,51.63,,
300791,Rhineland-Palatinate,2020-03-31,52.93,,
300792,Rhineland-Palatinate,2020-04-01,54.39,,
300793,Rhineland-Palatinate,2020-04-02,55.15,,
300794,Rhineland-Palatinate,2020-04-03,53.55,,
300795,Rhineland-Palatinate,2020-04-04,50.73,,
300796,Rhineland-Palatinate,2020-04-05,59.58,,
300797,Rhineland-Palatinate,2020-04-06,59.97,,
300798,Rhineland-Palatinate,2020-04-07,60.52,,
300799,Rhineland-Palatinate,2020-04-08,61.47,,
300800,Rhineland-Palatinate,2020-04-09,60.96,,
300801,Rhineland-Palatinate,2020-04-10,57.9,,
300802,Rhineland-Palatinate,2020-04-11,55.36,,
300803,Rhineland-Palatinate,2020-04-12,49.29,,
300804,Rhineland-Palatinate,2020-04-13,56.86,,
300805,Rhineland-Palatinate,2020-04-14,62.92,,
300806,Rhineland-Palatinate,2020-04-15,64.76,,
300807,Rhineland-Palatinate,2020-04-16,66.4,,
300808,Rhineland-Palatinate,2020-04-17,67.4,,
300809,Rhineland-Palatinate,2020-04-18,60.49,,
300810,Rhineland-Palatinate,2020-04-19,68.22,,
300811,Rhineland-Palatinate,2020-04-20,67.56,,
300812,Rhineland-Palatinate,2020-04-21,67.69,,
300813,Rhineland-Palatinate,2020-04-22,68.68,,
300814,Rhineland-Palatinate,2020-04-23,69.35,,
300815,Rhineland-Palatinate,2020-04-24,69.93,,
300816,Rhineland-Palatinate,2020-04-25,68.0,,
300817,Rhineland-Palatinate,2020-04-26,75.91,,
300818,Rhineland-Palatinate,2020-04-27,68.84,,
300819,Rhineland-Palatinate,2020-04-28,67.76,,
300820,Rhineland-Palatinate,2020-04-29,70.17,,
300821,Rhineland-Palatinate,2020-04-30,69.32,,
300822,Rhineland-Palatinate,2020-05-01,65.41,,
300823,Rhineland-Palatinate,2020-05-02,71.13,,
300824,Rhineland-Palatinate,2020-05-03,81.78,,
300825,Rhineland-Palatinate,2020-05-04,75.23,,
300826,Rhineland-Palatinate,2020-05-05,78.92,,
300827,Rhineland-Palatinate,2020-05-06,78.44,,
300828,Rhineland-Palatinate,2020-05-07,80.95,,
300829,Rhineland-Palatinate,2020-05-08,85.86,,
300830,Rhineland-Palatinate,2020-05-09,79.95,,
300831,Rhineland-Palatinate,2020-05-10,81.12,,
300832,Rhineland-Palatinate,2020-05-13,83.89,,
300833,Rhineland-Palatinate,2020-05-14,87.27,,
300834,Rhineland-Palatinate,2020-05-15,91.49,,
300835,Rhineland-Palatinate,2020-05-16,95.22,,
300836,Rhineland-Palatinate,2020-05-17,101.19,,
300837,Rhineland-Palatinate,2020-05-18,94.73,,
300838,Rhineland-Palatinate,2020-05-19,97.35,,
300839,Rhineland-Palatinate,2020-05-20,105.04,,
300840,Rhineland-Palatinate,2020-05-21,119.03,,
300841,Rhineland-Palatinate,2020-05-22,117.68,,
300842,Rhineland-Palatinate,2020-05-23,105.03,,
300843,Rhineland-Palatinate,2020-05-24,116.27,,
300844,Rhineland-Palatinate,2020-05-25,104.12,,
300845,Rhineland-Palatinate,2020-05-26,103.2,,
309491,Saarland,2020-01-13,100.0,,
309492,Saarland,2020-01-14,105.48,,
309493,Saarland,2020-01-15,102.86,,
309494,Saarland,2020-01-16,102.28,,
309495,Saarland,2020-01-17,113.54,,
309496,Saarland,2020-01-18,117.31,,
309497,Saarland,2020-01-19,104.57,,
309498,Saarland,2020-01-20,104.43,,
309499,Saarland,2020-01-21,102.75,,
309500,Saarland,2020-01-22,102.11,,
309501,Saarland,2020-01-23,101.14,,
309502,Saarland,2020-01-24,109.53,,
309503,Saarland,2020-01-25,117.97,,
309504,Saarland,2020-01-26,103.44,,
309505,Saarland,2020-01-27,105.11,,
309506,Saarland,2020-01-28,102.85,,
309507,Saarland,2020-01-29,106.85,,
309508,Saarland,2020-01-30,103.47,,
309509,Saarland,2020-01-31,115.54,,
309510,Saarland,2020-02-01,123.18,,
309511,Saarland,2020-02-02,109.99,,
309512,Saarland,2020-02-03,118.36,,
309513,Saarland,2020-02-04,135.26,,
309514,Saarland,2020-02-05,127.92,,
309515,Saarland,2020-02-06,105.09,,
309516,Saarland,2020-02-07,116.01,,
309517,Saarland,2020-02-08,118.75,,
309518,Saarland,2020-02-09,106.58,,
309519,Saarland,2020-02-10,107.44,,
309520,Saarland,2020-02-11,106.39,,
309521,Saarland,2020-02-12,108.96,,
309522,Saarland,2020-02-13,109.41,,
309523,Saarland,2020-02-14,124.62,,
309524,Saarland,2020-02-15,123.08,,
309525,Saarland,2020-02-16,110.46,,
309526,Saarland,2020-02-17,110.56,,
309527,Saarland,2020-02-18,108.84,,
309528,Saarland,2020-02-19,111.05,,
309529,Saarland,2020-02-20,106.67,,
309530,Saarland,2020-02-21,111.06,,
309531,Saarland,2020-02-22,113.45,,
309532,Saarland,2020-02-23,95.67,,
309533,Saarland,2020-02-24,101.31,,
309534,Saarland,2020-02-25,104.73,,
309535,Saarland,2020-02-26,99.88,,
309536,Saarland,2020-02-27,109.65,,
309537,Saarland,2020-02-28,112.15,,
309538,Saarland,2020-02-29,118.33,,
309539,Saarland,2020-03-01,106.39,,
309540,Saarland,2020-03-02,104.36,,
309541,Saarland,2020-03-03,109.41,,
309542,Saarland,2020-03-04,102.93,,
309543,Saarland,2020-03-05,105.27,,
309544,Saarland,2020-03-06,113.46,,
309545,Saarland,2020-03-07,120.16,,
309546,Saarland,2020-03-08,105.89,,
309547,Saarland,2020-03-09,102.99,,
309548,Saarland,2020-03-10,103.22,,
309549,Saarland,2020-03-11,99.39,,
309550,Saarland,2020-03-12,89.48,,
309551,Saarland,2020-03-13,85.02,,
309552,Saarland,2020-03-14,78.66,,
309553,Saarland,2020-03-15,75.39,,
309554,Saarland,2020-03-16,73.44,,
309555,Saarland,2020-03-17,67.01,,
309556,Saarland,2020-03-18,60.15,,
309557,Saarland,2020-03-19,59.31,,
309558,Saarland,2020-03-20,56.2,,
309559,Saarland,2020-03-21,34.84,,
309560,Saarland,2020-03-22,38.72,,
309561,Saarland,2020-03-23,46.15,,
309562,Saarland,2020-03-24,51.51,,
309563,Saarland,2020-03-25,50.18,,
309564,Saarland,2020-03-26,51.67,,
309565,Saarland,2020-03-27,53.52,,
309566,Saarland,2020-03-28,49.13,,
309567,Saarland,2020-03-29,47.22,,
309568,Saarland,2020-03-30,55.64,,
309569,Saarland,2020-03-31,57.84,,
309570,Saarland,2020-04-01,58.32,,
309571,Saarland,2020-04-02,59.2,,
309572,Saarland,2020-04-03,57.07,,
309573,Saarland,2020-04-04,50.0,,
309574,Saarland,2020-04-05,55.96,,
309575,Saarland,2020-04-06,63.42,,
309576,Saarland,2020-04-07,64.19,,
309577,Saarland,2020-04-08,68.24,,
309578,Saarland,2020-04-09,65.15,,
309579,Saarland,2020-04-10,55.44,,
309580,Saarland,2020-04-11,54.94,,
309581,Saarland,2020-04-12,46.66,,
309582,Saarland,2020-04-13,58.11,,
309583,Saarland,2020-04-14,69.51,,
309584,Saarland,2020-04-15,71.32,,
309585,Saarland,2020-04-16,68.8,,
309586,Saarland,2020-04-17,71.11,,
309587,Saarland,2020-04-18,62.65,,
309588,Saarland,2020-04-19,69.39,,
309589,Saarland,2020-04-20,78.11,,
309590,Saarland,2020-04-21,74.36,,
309591,Saarland,2020-04-22,77.51,,
309592,Saarland,2020-04-23,78.21,,
309593,Saarland,2020-04-24,74.34,,
309594,Saarland,2020-04-25,66.84,,
309595,Saarland,2020-04-26,72.99,,
309596,Saarland,2020-04-27,80.96,,
309597,Saarland,2020-04-28,75.35,,
309598,Saarland,2020-04-29,77.89,,
309599,Saarland,2020-04-30,74.69,,
309600,Saarland,2020-05-01,66.85,,
309601,Saarland,2020-05-02,75.64,,
309602,Saarland,2020-05-03,81.19,,
309603,Saarland,2020-05-04,88.77,,
309604,Saarland,2020-05-05,88.28,,
309605,Saarland,2020-05-06,89.93,,
309606,Saarland,2020-05-07,92.67,,
309607,Saarland,2020-05-08,94.32,,
309608,Saarland,2020-05-09,88.63,,
309609,Saarland,2020-05-10,87.41,,
309610,Saarland,2020-05-13,96.66,,
309611,Saarland,2020-05-14,95.84,,
309612,Saarland,2020-05-15,104.89,,
309613,Saarland,2020-05-16,99.14,,
309614,Saarland,2020-05-17,102.42,,
309615,Saarland,2020-05-18,104.33,,
309616,Saarland,2020-05-19,105.54,,
309617,Saarland,2020-05-20,111.48,,
309618,Saarland,2020-05-21,103.79,,
309619,Saarland,2020-05-22,115.67,,
309620,Saarland,2020-05-23,104.34,,
309621,Saarland,2020-05-24,114.0,,
309622,Saarland,2020-05-25,109.29,,
309623,Saarland,2020-05-26,109.72,,
318801,Saxony,2020-01-13,100.0,,
318802,Saxony,2020-01-14,99.74,,
318803,Saxony,2020-01-15,99.45,,
318804,Saxony,2020-01-16,105.55,,
318805,Saxony,2020-01-17,113.01,,
318806,Saxony,2020-01-18,114.56,,
318807,Saxony,2020-01-19,104.12,,
318808,Saxony,2020-01-20,97.04,,
318809,Saxony,2020-01-21,99.14,,
318810,Saxony,2020-01-22,98.64,,
318811,Saxony,2020-01-23,104.95,,
318812,Saxony,2020-01-24,112.22,,
318813,Saxony,2020-01-25,108.76,,
318814,Saxony,2020-01-26,101.24,,
318815,Saxony,2020-01-27,99.89,,
318816,Saxony,2020-01-28,97.9,,
318817,Saxony,2020-01-29,98.33,,
318818,Saxony,2020-01-30,99.54,,
318819,Saxony,2020-01-31,114.59,,
318820,Saxony,2020-02-01,116.16,,
318821,Saxony,2020-02-02,108.7,,
318822,Saxony,2020-02-03,105.49,,
318823,Saxony,2020-02-04,104.45,,
318824,Saxony,2020-02-05,99.88,,
318825,Saxony,2020-02-06,104.09,,
318826,Saxony,2020-02-07,120.03,,
318827,Saxony,2020-02-08,117.04,,
318828,Saxony,2020-02-09,102.54,,
318829,Saxony,2020-02-10,99.91,,
318830,Saxony,2020-02-11,101.75,,
318831,Saxony,2020-02-12,99.77,,
318832,Saxony,2020-02-13,101.75,,
318833,Saxony,2020-02-14,115.71,,
318834,Saxony,2020-02-15,116.64,,
318835,Saxony,2020-02-16,100.73,,
318836,Saxony,2020-02-17,103.34,,
318837,Saxony,2020-02-18,102.54,,
318838,Saxony,2020-02-19,100.6,,
318839,Saxony,2020-02-20,101.85,,
318840,Saxony,2020-02-21,107.68,,
318841,Saxony,2020-02-22,107.91,,
318842,Saxony,2020-02-23,101.16,,
318843,Saxony,2020-02-24,100.74,,
318844,Saxony,2020-02-25,104.85,,
318845,Saxony,2020-02-26,106.21,,
318846,Saxony,2020-02-27,106.71,,
318847,Saxony,2020-02-28,111.52,,
318848,Saxony,2020-02-29,110.08,,
318849,Saxony,2020-03-01,105.72,,
318850,Saxony,2020-03-02,103.14,,
318851,Saxony,2020-03-03,102.31,,
318852,Saxony,2020-03-04,101.51,,
318853,Saxony,2020-03-05,107.69,,
318854,Saxony,2020-03-06,123.47,,
318855,Saxony,2020-03-07,110.93,,
318856,Saxony,2020-03-08,105.15,,
318857,Saxony,2020-03-09,101.47,,
318858,Saxony,2020-03-10,110.25,,
318859,Saxony,2020-03-11,96.43,,
318860,Saxony,2020-03-12,90.53,,
318861,Saxony,2020-03-13,89.13,,
318862,Saxony,2020-03-14,77.99,,
318863,Saxony,2020-03-15,74.94,,
318864,Saxony,2020-03-16,72.48,,
318865,Saxony,2020-03-17,71.64,,
318866,Saxony,2020-03-18,70.26,,
318867,Saxony,2020-03-19,59.71,,
318868,Saxony,2020-03-20,50.32,,
318869,Saxony,2020-03-21,36.81,,
318870,Saxony,2020-03-22,39.51,,
318871,Saxony,2020-03-23,43.12,,
318872,Saxony,2020-03-24,43.15,,
318873,Saxony,2020-03-25,45.0,,
318874,Saxony,2020-03-26,47.62,,
318875,Saxony,2020-03-27,45.49,,
318876,Saxony,2020-03-28,37.7,,
318877,Saxony,2020-03-29,37.95,,
318878,Saxony,2020-03-30,48.76,,
318879,Saxony,2020-03-31,50.56,,
318880,Saxony,2020-04-01,51.29,,
318881,Saxony,2020-04-02,51.64,,
318882,Saxony,2020-04-03,46.19,,
318883,Saxony,2020-04-04,38.09,,
318884,Saxony,2020-04-05,47.55,,
318885,Saxony,2020-04-06,55.01,,
318886,Saxony,2020-04-07,61.59,,
318887,Saxony,2020-04-08,60.25,,
318888,Saxony,2020-04-09,56.11,,
318889,Saxony,2020-04-10,43.47,,
318890,Saxony,2020-04-11,41.12,,
318891,Saxony,2020-04-12,39.45,,
318892,Saxony,2020-04-13,47.24,,
318893,Saxony,2020-04-14,59.05,,
318894,Saxony,2020-04-15,59.96,,
318895,Saxony,2020-04-16,62.06,,
318896,Saxony,2020-04-17,58.3,,
318897,Saxony,2020-04-18,50.35,,
318898,Saxony,2020-04-19,59.45,,
318899,Saxony,2020-04-20,67.51,,
318900,Saxony,2020-04-21,68.26,,
318901,Saxony,2020-04-22,69.81,,
318902,Saxony,2020-04-23,72.42,,
318903,Saxony,2020-04-24,68.51,,
318904,Saxony,2020-04-25,56.46,,
318905,Saxony,2020-04-26,69.37,,
318906,Saxony,2020-04-27,73.3,,
318907,Saxony,2020-04-28,72.22,,
318908,Saxony,2020-04-29,74.6,,
318909,Saxony,2020-04-30,73.84,,
318910,Saxony,2020-05-01,66.94,,
318911,Saxony,2020-05-02,61.99,,
318912,Saxony,2020-05-03,73.69,,
318913,Saxony,2020-05-04,78.18,,
318914,Saxony,2020-05-05,80.42,,
318915,Saxony,2020-05-06,80.93,,
318916,Saxony,2020-05-07,84.83,,
318917,Saxony,2020-05-08,89.79,,
318918,Saxony,2020-05-09,78.5,,
318919,Saxony,2020-05-10,78.98,,
318920,Saxony,2020-05-13,90.62,,
318921,Saxony,2020-05-14,91.47,,
318922,Saxony,2020-05-15,96.77,,
318923,Saxony,2020-05-16,88.61,,
318924,Saxony,2020-05-17,99.73,,
318925,Saxony,2020-05-18,102.5,,
318926,Saxony,2020-05-19,104.67,,
318927,Saxony,2020-05-20,123.26,,
318928,Saxony,2020-05-21,115.11,,
318929,Saxony,2020-05-22,105.77,,
318930,Saxony,2020-05-23,95.91,,
318931,Saxony,2020-05-24,109.84,,
318932,Saxony,2020-05-25,104.77,,
318933,Saxony,2020-05-26,107.44,,
318934,Saxony-Anhalt,2020-01-13,100.0,,
318935,Saxony-Anhalt,2020-01-14,101.59,,
318936,Saxony-Anhalt,2020-01-15,99.36,,
318937,Saxony-Anhalt,2020-01-16,98.48,,
318938,Saxony-Anhalt,2020-01-17,118.83,,
318939,Saxony-Anhalt,2020-01-18,107.03,,
318940,Saxony-Anhalt,2020-01-19,108.35,,
318941,Saxony-Anhalt,2020-01-20,100.33,,
318942,Saxony-Anhalt,2020-01-21,102.34,,
318943,Saxony-Anhalt,2020-01-22,101.21,,
318944,Saxony-Anhalt,2020-01-23,99.71,,
318945,Saxony-Anhalt,2020-01-24,111.68,,
318946,Saxony-Anhalt,2020-01-25,107.48,,
318947,Saxony-Anhalt,2020-01-26,106.67,,
318948,Saxony-Anhalt,2020-01-27,100.68,,
318949,Saxony-Anhalt,2020-01-28,101.45,,
318950,Saxony-Anhalt,2020-01-29,102.25,,
318951,Saxony-Anhalt,2020-01-30,103.27,,
318952,Saxony-Anhalt,2020-01-31,143.72,,
318953,Saxony-Anhalt,2020-02-01,124.63,,
318954,Saxony-Anhalt,2020-02-02,115.33,,
318955,Saxony-Anhalt,2020-02-03,106.15,,
318956,Saxony-Anhalt,2020-02-04,108.29,,
318957,Saxony-Anhalt,2020-02-05,103.9,,
318958,Saxony-Anhalt,2020-02-06,105.41,,
318959,Saxony-Anhalt,2020-02-07,136.95,,
318960,Saxony-Anhalt,2020-02-08,129.83,,
318961,Saxony-Anhalt,2020-02-09,109.47,,
318962,Saxony-Anhalt,2020-02-10,107.49,,
318963,Saxony-Anhalt,2020-02-11,108.06,,
318964,Saxony-Anhalt,2020-02-12,104.25,,
318965,Saxony-Anhalt,2020-02-13,105.42,,
318966,Saxony-Anhalt,2020-02-14,124.59,,
318967,Saxony-Anhalt,2020-02-15,129.17,,
318968,Saxony-Anhalt,2020-02-16,111.27,,
318969,Saxony-Anhalt,2020-02-17,107.94,,
318970,Saxony-Anhalt,2020-02-18,108.38,,
318971,Saxony-Anhalt,2020-02-19,104.38,,
318972,Saxony-Anhalt,2020-02-20,113.34,,
318973,Saxony-Anhalt,2020-02-21,119.77,,
318974,Saxony-Anhalt,2020-02-22,116.42,,
318975,Saxony-Anhalt,2020-02-23,108.15,,
318976,Saxony-Anhalt,2020-02-24,104.52,,
318977,Saxony-Anhalt,2020-02-25,105.55,,
318978,Saxony-Anhalt,2020-02-26,105.92,,
318979,Saxony-Anhalt,2020-02-27,110.04,,
318980,Saxony-Anhalt,2020-02-28,118.82,,
318981,Saxony-Anhalt,2020-02-29,111.57,,
318982,Saxony-Anhalt,2020-03-01,109.96,,
318983,Saxony-Anhalt,2020-03-02,102.73,,
318984,Saxony-Anhalt,2020-03-03,116.43,,
318985,Saxony-Anhalt,2020-03-04,102.09,,
318986,Saxony-Anhalt,2020-03-05,105.46,,
318987,Saxony-Anhalt,2020-03-06,121.98,,
318988,Saxony-Anhalt,2020-03-07,112.53,,
318989,Saxony-Anhalt,2020-03-08,110.81,,
318990,Saxony-Anhalt,2020-03-09,102.74,,
318991,Saxony-Anhalt,2020-03-10,104.41,,
318992,Saxony-Anhalt,2020-03-11,95.51,,
318993,Saxony-Anhalt,2020-03-12,91.68,,
318994,Saxony-Anhalt,2020-03-13,95.04,,
318995,Saxony-Anhalt,2020-03-14,78.91,,
318996,Saxony-Anhalt,2020-03-15,79.32,,
318997,Saxony-Anhalt,2020-03-16,78.9,,
318998,Saxony-Anhalt,2020-03-17,70.71,,
318999,Saxony-Anhalt,2020-03-18,66.52,,
319000,Saxony-Anhalt,2020-03-19,61.2,,
319001,Saxony-Anhalt,2020-03-20,55.57,,
319002,Saxony-Anhalt,2020-03-21,41.76,,
319003,Saxony-Anhalt,2020-03-22,45.91,,
319004,Saxony-Anhalt,2020-03-23,50.79,,
319005,Saxony-Anhalt,2020-03-24,50.66,,
319006,Saxony-Anhalt,2020-03-25,52.24,,
319007,Saxony-Anhalt,2020-03-26,55.21,,
319008,Saxony-Anhalt,2020-03-27,52.39,,
319009,Saxony-Anhalt,2020-03-28,44.14,,
319010,Saxony-Anhalt,2020-03-29,45.71,,
319011,Saxony-Anhalt,2020-03-30,55.7,,
319012,Saxony-Anhalt,2020-03-31,60.61,,
319013,Saxony-Anhalt,2020-04-01,58.99,,
319014,Saxony-Anhalt,2020-04-02,57.71,,
319015,Saxony-Anhalt,2020-04-03,54.06,,
319016,Saxony-Anhalt,2020-04-04,44.77,,
319017,Saxony-Anhalt,2020-04-05,56.12,,
319018,Saxony-Anhalt,2020-04-06,62.7,,
319019,Saxony-Anhalt,2020-04-07,63.11,,
319020,Saxony-Anhalt,2020-04-08,65.12,,
319021,Saxony-Anhalt,2020-04-09,60.37,,
319022,Saxony-Anhalt,2020-04-10,49.39,,
319023,Saxony-Anhalt,2020-04-11,45.98,,
319024,Saxony-Anhalt,2020-04-12,42.93,,
319025,Saxony-Anhalt,2020-04-13,56.3,,
319026,Saxony-Anhalt,2020-04-14,64.96,,
319027,Saxony-Anhalt,2020-04-15,67.24,,
319028,Saxony-Anhalt,2020-04-16,68.01,,
319029,Saxony-Anhalt,2020-04-17,65.1,,
319030,Saxony-Anhalt,2020-04-18,53.8,,
319031,Saxony-Anhalt,2020-04-19,66.37,,
319032,Saxony-Anhalt,2020-04-20,71.49,,
319033,Saxony-Anhalt,2020-04-21,70.86,,
319034,Saxony-Anhalt,2020-04-22,73.78,,
319035,Saxony-Anhalt,2020-04-23,72.27,,
319036,Saxony-Anhalt,2020-04-24,70.22,,
319037,Saxony-Anhalt,2020-04-25,59.07,,
319038,Saxony-Anhalt,2020-04-26,73.57,,
319039,Saxony-Anhalt,2020-04-27,76.98,,
319040,Saxony-Anhalt,2020-04-28,78.76,,
319041,Saxony-Anhalt,2020-04-29,78.66,,
319042,Saxony-Anhalt,2020-04-30,76.05,,
319043,Saxony-Anhalt,2020-05-01,69.46,,
319044,Saxony-Anhalt,2020-05-02,65.61,,
319045,Saxony-Anhalt,2020-05-03,79.77,,
319046,Saxony-Anhalt,2020-05-04,84.77,,
319047,Saxony-Anhalt,2020-05-05,86.41,,
319048,Saxony-Anhalt,2020-05-06,87.41,,
319049,Saxony-Anhalt,2020-05-07,90.35,,
319050,Saxony-Anhalt,2020-05-08,93.71,,
319051,Saxony-Anhalt,2020-05-09,82.7,,
319052,Saxony-Anhalt,2020-05-10,87.2,,
319053,Saxony-Anhalt,2020-05-13,96.11,,
319054,Saxony-Anhalt,2020-05-14,99.74,,
319055,Saxony-Anhalt,2020-05-15,105.73,,
319056,Saxony-Anhalt,2020-05-16,88.44,,
319057,Saxony-Anhalt,2020-05-17,104.34,,
319058,Saxony-Anhalt,2020-05-18,109.96,,
319059,Saxony-Anhalt,2020-05-19,113.36,,
319060,Saxony-Anhalt,2020-05-20,129.34,,
319061,Saxony-Anhalt,2020-05-21,112.17,,
319062,Saxony-Anhalt,2020-05-22,109.05,,
319063,Saxony-Anhalt,2020-05-23,103.05,,
319064,Saxony-Anhalt,2020-05-24,129.09,,
319065,Saxony-Anhalt,2020-05-25,117.63,,
319066,Saxony-Anhalt,2020-05-26,116.19,,
319333,Schleswig-Holstein,2020-01-13,100.0,,
319334,Schleswig-Holstein,2020-01-14,102.57,,
319335,Schleswig-Holstein,2020-01-15,101.97,,
319336,Schleswig-Holstein,2020-01-16,102.64,,
319337,Schleswig-Holstein,2020-01-17,114.11,,
319338,Schleswig-Holstein,2020-01-18,111.42,,
319339,Schleswig-Holstein,2020-01-19,116.73,,
319340,Schleswig-Holstein,2020-01-20,99.84,,
319341,Schleswig-Holstein,2020-01-21,102.93,,
319342,Schleswig-Holstein,2020-01-22,100.86,,
319343,Schleswig-Holstein,2020-01-23,101.57,,
319344,Schleswig-Holstein,2020-01-24,112.66,,
319345,Schleswig-Holstein,2020-01-25,111.21,,
319346,Schleswig-Holstein,2020-01-26,110.61,,
319347,Schleswig-Holstein,2020-01-27,100.34,,
319348,Schleswig-Holstein,2020-01-28,102.79,,
319349,Schleswig-Holstein,2020-01-29,102.12,,
319350,Schleswig-Holstein,2020-01-30,106.48,,
319351,Schleswig-Holstein,2020-01-31,122.73,,
319352,Schleswig-Holstein,2020-02-01,119.3,,
319353,Schleswig-Holstein,2020-02-02,116.86,,
319354,Schleswig-Holstein,2020-02-03,108.77,,
319355,Schleswig-Holstein,2020-02-04,110.33,,
319356,Schleswig-Holstein,2020-02-05,104.83,,
319357,Schleswig-Holstein,2020-02-06,106.98,,
319358,Schleswig-Holstein,2020-02-07,126.27,,
319359,Schleswig-Holstein,2020-02-08,120.48,,
319360,Schleswig-Holstein,2020-02-09,110.12,,
319361,Schleswig-Holstein,2020-02-10,118.1,,
319362,Schleswig-Holstein,2020-02-11,117.07,,
319363,Schleswig-Holstein,2020-02-12,114.47,,
319364,Schleswig-Holstein,2020-02-13,116.16,,
319365,Schleswig-Holstein,2020-02-14,128.24,,
319366,Schleswig-Holstein,2020-02-15,127.5,,
319367,Schleswig-Holstein,2020-02-16,119.31,,
319368,Schleswig-Holstein,2020-02-17,107.67,,
319369,Schleswig-Holstein,2020-02-18,111.38,,
319370,Schleswig-Holstein,2020-02-19,114.86,,
319371,Schleswig-Holstein,2020-02-20,112.73,,
319372,Schleswig-Holstein,2020-02-21,128.39,,
319373,Schleswig-Holstein,2020-02-22,121.33,,
319374,Schleswig-Holstein,2020-02-23,118.15,,
319375,Schleswig-Holstein,2020-02-24,111.69,,
319376,Schleswig-Holstein,2020-02-25,111.93,,
319377,Schleswig-Holstein,2020-02-26,110.0,,
319378,Schleswig-Holstein,2020-02-27,111.67,,
319379,Schleswig-Holstein,2020-02-28,124.07,,
319380,Schleswig-Holstein,2020-02-29,117.44,,
319381,Schleswig-Holstein,2020-03-01,120.78,,
319382,Schleswig-Holstein,2020-03-02,106.6,,
319383,Schleswig-Holstein,2020-03-03,105.69,,
319384,Schleswig-Holstein,2020-03-04,107.59,,
319385,Schleswig-Holstein,2020-03-05,110.73,,
319386,Schleswig-Holstein,2020-03-06,122.3,,
319387,Schleswig-Holstein,2020-03-07,123.65,,
319388,Schleswig-Holstein,2020-03-08,117.99,,
319389,Schleswig-Holstein,2020-03-09,105.08,,
319390,Schleswig-Holstein,2020-03-10,104.6,,
319391,Schleswig-Holstein,2020-03-11,104.38,,
319392,Schleswig-Holstein,2020-03-12,94.02,,
319393,Schleswig-Holstein,2020-03-13,93.53,,
319394,Schleswig-Holstein,2020-03-14,87.73,,
319395,Schleswig-Holstein,2020-03-15,77.72,,
319396,Schleswig-Holstein,2020-03-16,72.46,,
319397,Schleswig-Holstein,2020-03-17,65.83,,
319398,Schleswig-Holstein,2020-03-18,61.1,,
319399,Schleswig-Holstein,2020-03-19,56.58,,
319400,Schleswig-Holstein,2020-03-20,53.17,,
319401,Schleswig-Holstein,2020-03-21,45.72,,
319402,Schleswig-Holstein,2020-03-22,46.92,,
319403,Schleswig-Holstein,2020-03-23,52.48,,
319404,Schleswig-Holstein,2020-03-24,51.45,,
319405,Schleswig-Holstein,2020-03-25,54.08,,
319406,Schleswig-Holstein,2020-03-26,56.12,,
319407,Schleswig-Holstein,2020-03-27,56.69,,
319408,Schleswig-Holstein,2020-03-28,52.51,,
319409,Schleswig-Holstein,2020-03-29,52.8,,
319410,Schleswig-Holstein,2020-03-30,58.3,,
319411,Schleswig-Holstein,2020-03-31,61.81,,
319412,Schleswig-Holstein,2020-04-01,60.04,,
319413,Schleswig-Holstein,2020-04-02,61.1,,
319414,Schleswig-Holstein,2020-04-03,58.91,,
319415,Schleswig-Holstein,2020-04-04,52.46,,
319416,Schleswig-Holstein,2020-04-05,62.86,,
319417,Schleswig-Holstein,2020-04-06,67.35,,
319418,Schleswig-Holstein,2020-04-07,66.89,,
319419,Schleswig-Holstein,2020-04-08,68.36,,
319420,Schleswig-Holstein,2020-04-09,64.65,,
319421,Schleswig-Holstein,2020-04-10,56.78,,
319422,Schleswig-Holstein,2020-04-11,55.94,,
319423,Schleswig-Holstein,2020-04-12,54.01,,
319424,Schleswig-Holstein,2020-04-13,64.39,,
319425,Schleswig-Holstein,2020-04-14,69.81,,
319426,Schleswig-Holstein,2020-04-15,71.42,,
319427,Schleswig-Holstein,2020-04-16,72.64,,
319428,Schleswig-Holstein,2020-04-17,72.54,,
319429,Schleswig-Holstein,2020-04-18,65.58,,
319430,Schleswig-Holstein,2020-04-19,75.17,,
319431,Schleswig-Holstein,2020-04-20,75.54,,
319432,Schleswig-Holstein,2020-04-21,76.32,,
319433,Schleswig-Holstein,2020-04-22,77.45,,
319434,Schleswig-Holstein,2020-04-23,77.96,,
319435,Schleswig-Holstein,2020-04-24,75.86,,
319436,Schleswig-Holstein,2020-04-25,71.17,,
319437,Schleswig-Holstein,2020-04-26,75.95,,
319438,Schleswig-Holstein,2020-04-27,77.88,,
319439,Schleswig-Holstein,2020-04-28,76.89,,
319440,Schleswig-Holstein,2020-04-29,77.78,,
319441,Schleswig-Holstein,2020-04-30,77.41,,
319442,Schleswig-Holstein,2020-05-01,71.7,,
319443,Schleswig-Holstein,2020-05-02,74.83,,
319444,Schleswig-Holstein,2020-05-03,85.21,,
319445,Schleswig-Holstein,2020-05-04,87.64,,
319446,Schleswig-Holstein,2020-05-05,96.67,,
319447,Schleswig-Holstein,2020-05-06,92.38,,
319448,Schleswig-Holstein,2020-05-07,94.19,,
319449,Schleswig-Holstein,2020-05-08,100.91,,
319450,Schleswig-Holstein,2020-05-09,104.64,,
319451,Schleswig-Holstein,2020-05-10,111.43,,
319452,Schleswig-Holstein,2020-05-13,95.08,,
319453,Schleswig-Holstein,2020-05-14,99.27,,
319454,Schleswig-Holstein,2020-05-15,104.22,,
319455,Schleswig-Holstein,2020-05-16,97.22,,
319456,Schleswig-Holstein,2020-05-17,110.27,,
319457,Schleswig-Holstein,2020-05-18,118.96,,
319458,Schleswig-Holstein,2020-05-19,120.21,,
319459,Schleswig-Holstein,2020-05-20,135.78,,
319460,Schleswig-Holstein,2020-05-21,141.23,,
319461,Schleswig-Holstein,2020-05-22,133.8,,
319462,Schleswig-Holstein,2020-05-23,128.32,,
319463,Schleswig-Holstein,2020-05-24,143.22,,
319464,Schleswig-Holstein,2020-05-25,125.93,,
319465,Schleswig-Holstein,2020-05-26,124.46,,
352716,Thuringia,2020-01-13,100.0,,
352717,Thuringia,2020-01-14,100.94,,
352718,Thuringia,2020-01-15,103.92,,
352719,Thuringia,2020-01-16,103.86,,
352720,Thuringia,2020-01-17,116.26,,
352721,Thuringia,2020-01-18,112.75,,
352722,Thuringia,2020-01-19,114.53,,
352723,Thuringia,2020-01-20,103.13,,
352724,Thuringia,2020-01-21,101.89,,
352725,Thuringia,2020-01-22,101.31,,
352726,Thuringia,2020-01-23,105.52,,
352727,Thuringia,2020-01-24,111.99,,
352728,Thuringia,2020-01-25,109.19,,
352729,Thuringia,2020-01-26,112.08,,
352730,Thuringia,2020-01-27,103.86,,
352731,Thuringia,2020-01-28,105.02,,
352732,Thuringia,2020-01-29,104.81,,
352733,Thuringia,2020-01-30,103.86,,
352734,Thuringia,2020-01-31,121.5,,
352735,Thuringia,2020-02-01,117.22,,
352736,Thuringia,2020-02-02,121.39,,
352737,Thuringia,2020-02-03,108.51,,
352738,Thuringia,2020-02-04,109.36,,
352739,Thuringia,2020-02-05,105.47,,
352740,Thuringia,2020-02-06,109.31,,
352741,Thuringia,2020-02-07,131.45,,
352742,Thuringia,2020-02-08,127.83,,
352743,Thuringia,2020-02-09,119.58,,
352744,Thuringia,2020-02-10,108.15,,
352745,Thuringia,2020-02-11,105.96,,
352746,Thuringia,2020-02-12,108.54,,
352747,Thuringia,2020-02-13,111.93,,
352748,Thuringia,2020-02-14,128.47,,
352749,Thuringia,2020-02-15,124.02,,
352750,Thuringia,2020-02-16,120.12,,
352751,Thuringia,2020-02-17,109.44,,
352752,Thuringia,2020-02-18,110.95,,
352753,Thuringia,2020-02-19,112.67,,
352754,Thuringia,2020-02-20,110.25,,
352755,Thuringia,2020-02-21,118.8,,
352756,Thuringia,2020-02-22,112.7,,
352757,Thuringia,2020-02-23,111.62,,
352758,Thuringia,2020-02-24,109.85,,
352759,Thuringia,2020-02-25,107.66,,
352760,Thuringia,2020-02-26,109.04,,
352761,Thuringia,2020-02-27,110.6,,
352762,Thuringia,2020-02-28,117.12,,
352763,Thuringia,2020-02-29,114.59,,
352764,Thuringia,2020-03-01,119.34,,
352765,Thuringia,2020-03-02,106.56,,
352766,Thuringia,2020-03-03,103.02,,
352767,Thuringia,2020-03-04,107.99,,
352768,Thuringia,2020-03-05,105.86,,
352769,Thuringia,2020-03-06,118.51,,
352770,Thuringia,2020-03-07,116.76,,
352771,Thuringia,2020-03-08,117.34,,
352772,Thuringia,2020-03-09,102.98,,
352773,Thuringia,2020-03-10,102.58,,
352774,Thuringia,2020-03-11,98.81,,
352775,Thuringia,2020-03-12,91.35,,
352776,Thuringia,2020-03-13,88.28,,
352777,Thuringia,2020-03-14,77.31,,
352778,Thuringia,2020-03-15,81.95,,
352779,Thuringia,2020-03-16,69.28,,
352780,Thuringia,2020-03-17,66.2,,
352781,Thuringia,2020-03-18,64.92,,
352782,Thuringia,2020-03-19,61.88,,
352783,Thuringia,2020-03-20,57.53,,
352784,Thuringia,2020-03-21,41.97,,
352785,Thuringia,2020-03-22,46.75,,
352786,Thuringia,2020-03-23,52.71,,
352787,Thuringia,2020-03-24,55.33,,
352788,Thuringia,2020-03-25,53.04,,
352789,Thuringia,2020-03-26,56.34,,
352790,Thuringia,2020-03-27,57.52,,
352791,Thuringia,2020-03-28,47.73,,
352792,Thuringia,2020-03-29,48.97,,
352793,Thuringia,2020-03-30,58.21,,
352794,Thuringia,2020-03-31,60.56,,
352795,Thuringia,2020-04-01,60.49,,
352796,Thuringia,2020-04-02,59.15,,
352797,Thuringia,2020-04-03,58.3,,
352798,Thuringia,2020-04-04,50.37,,
352799,Thuringia,2020-04-05,63.59,,
352800,Thuringia,2020-04-06,67.14,,
352801,Thuringia,2020-04-07,67.3,,
352802,Thuringia,2020-04-08,68.18,,
352803,Thuringia,2020-04-09,62.73,,
352804,Thuringia,2020-04-10,56.39,,
352805,Thuringia,2020-04-11,53.41,,
352806,Thuringia,2020-04-12,52.54,,
352807,Thuringia,2020-04-13,62.18,,
352808,Thuringia,2020-04-14,69.66,,
352809,Thuringia,2020-04-15,70.47,,
352810,Thuringia,2020-04-16,76.57,,
352811,Thuringia,2020-04-17,72.86,,
352812,Thuringia,2020-04-18,62.19,,
352813,Thuringia,2020-04-19,74.78,,
352814,Thuringia,2020-04-20,72.27,,
352815,Thuringia,2020-04-21,71.79,,
352816,Thuringia,2020-04-22,75.14,,
352817,Thuringia,2020-04-23,74.17,,
352818,Thuringia,2020-04-24,73.71,,
352819,Thuringia,2020-04-25,66.13,,
352820,Thuringia,2020-04-26,81.51,,
352821,Thuringia,2020-04-27,77.9,,
352822,Thuringia,2020-04-28,75.98,,
352823,Thuringia,2020-04-29,79.49,,
352824,Thuringia,2020-04-30,79.51,,
352825,Thuringia,2020-05-01,74.9,,
352826,Thuringia,2020-05-02,72.09,,
352827,Thuringia,2020-05-03,88.28,,
352828,Thuringia,2020-05-04,82.07,,
352829,Thuringia,2020-05-05,85.09,,
352830,Thuringia,2020-05-06,85.94,,
352831,Thuringia,2020-05-07,93.34,,
352832,Thuringia,2020-05-08,93.33,,
352833,Thuringia,2020-05-09,82.95,,
352834,Thuringia,2020-05-10,92.25,,
352835,Thuringia,2020-05-13,94.66,,
352836,Thuringia,2020-05-14,96.05,,
352837,Thuringia,2020-05-15,102.1,,
352838,Thuringia,2020-05-16,97.66,,
352839,Thuringia,2020-05-17,113.42,,
352840,Thuringia,2020-05-18,109.15,,
352841,Thuringia,2020-05-19,112.0,,
352842,Thuringia,2020-05-20,124.67,,
352843,Thuringia,2020-05-21,127.77,,
352844,Thuringia,2020-05-22,120.38,,
352845,Thuringia,2020-05-23,110.8,,
352846,Thuringia,2020-05-24,133.67,,
352847,Thuringia,2020-05-25,117.89,,
352848,Thuringia,2020-05-26,116.68,,
